4,2018-03-31,47.0,68.5,53.25,89.0,90.75,35.5,82.25,89.5,24.0,65.75,78.25,77.0,75.0,40.25,91.0,90.25,73.5,69.25,92.5,82.0,67.25,82.75,88.25,95.75,86.0,0.0,90.0,81.75,84.0,79.25,75.5,68.25,41.25,42.25,73.5,69.0,48.0,52.0,92.75,64.25,72.25,46.5,55.5,51.25,69.75,49.5,67.0,71.25,15.5,73.0,88.25,90.0,57.25,75.25,32.25,45.75,82.5,84.75,83.5,58.0,44.5,91.5,81.5,79.25,8.25,71.75,82.5,89.25,91.25,83.75,66.75,58.75,63.0,72.0,78.75,59.5,92.5,61.25,6.5,77.0,79.75,74.25,87.5,42.5,52.25,90.25,64.75,65.25,0.0,81.5,86.25,59.0,43.75,59.5,92.5,65.0,62.25,88.75,51.75,37.5,79.25,74.75,59.75,28.75,85.25,81.5,59.25,72.5,81.75,86.0,37.25,65.25,9.25,74.75,73.5,36.25,71.25,69.5,42.0,76.5,86.0,78.0,12.5,86.25,83.5,77.75,85.75,85.0,76.0,68.25,75.25,61.0,73.0,47.5,69.5,88.75,72.0,77.75,86.0,60.5,69.5,87.75,39.75,67.75,98.0,49.75,61.25,51.5,51.25,78.75,73.0,72.0,81.75,85.75,49.0,61.75,52.25,76.5,24.25,56.5,46.75,50.75,81.25,21.0,77.5,76.0,48.75,91.25,83.25,5.0,34.75,88.25,85.75,62.25,82.75,83.25,90.75,90.5,0.0,83.5,68.25,0.0,74.0,87.25,81.0,25.75,85.75,70.75,70.75,86.0,36.75,87.25,65.25,0.0,57.75,61.5,91.0,64.0,91.0,76.5,78.5,75.25,69.0,82.0,79.25,68.5,56.75,68.5,48.75,72.0,18.75,6.25,75.0,56.0,58.0,55.75,52.25,53.0,67.0,72.0,30.75,34.75,23.5,25.25,60.75,0.0,84.5,77.25,72.75,70.25,82.25,68.75,75.25,29.75,77.25,58.5,73.75,74.75,7.5,73.25,44.5,30.25,72.25,78.75,3.25,35.0,27.0,42.5,5.75
5,2018-04-30,46.2,64.4,55.2,82.2,82.4,33.8,75.2,84.2,6.8,66.2,78.4,76.0,70.0,36.2,77.8,87.8,70.0,62.6,81.4,75.6,44.8,76.6,86.2,92.2,78.0,29.0,86.8,81.0,79.4,77.6,71.6,61.4,28.8,47.4,59.6,55.2,53.4,53.0,86.0,43.6,73.2,28.2,53.8,36.4,69.4,44.6,60.4,65.6,11.0,71.6,84.8,84.8,57.6,73.6,25.2,41.0,85.8,80.0,78.0,61.0,46.4,86.2,79.4,74.4,8.6,67.6,70.0,83.0,82.4,80.8,67.2,59.0,75.8,69.4,75.4,59.0,82.6,57.6,0.0,78.8,74.8,71.0,80.2,45.8,49.4,89.6,78.8,74.8,9.4,73.0,80.2,59.6,39.2,52.6,80.4,62.6,57.8,86.0,51.0,26.8,77.6,72.0,60.6,28.6,89.6,76.6,56.6,73.2,82.0,80.4,34.6,64.0,9.8,71.4,70.0,36.8,65.4,59.8,39.0,76.6,80.6,80.4,20.4,75.0,80.0,76.8,81.8,83.8,74.2,70.6,67.0,52.4,68.4,46.4,68.0,81.6,61.4,71.0,78.2,57.6,68.6,83.0,38.2,70.2,90.0,51.2,60.4,53.4,56.6,70.2,71.8,72.6,75.2,83.0,46.0,53.6,52.4,68.6,16.0,57.8,39.8,59.0,75.8,35.0,71.0,69.2,35.8,82.4,85.4,21.8,34.2,84.0,79.4,59.0,85.8,85.8,85.8,83.6,28.8,76.0,63.4,46.6,70.2,84.0,76.2,31.8,83.0,68.4,58.2,78.8,31.0,84.0,62.0,6.4,58.2,59.8,89.8,69.6,86.8,69.8,84.2,76.2,69.6,61.4,75.6,71.4,62.2,70.2,49.8,65.2,0.0,9.6,73.4,55.4,65.8,50.6,50.2,51.0,65.0,69.8,29.8,30.0,23.8,25.2,55.2,0.0,79.2,77.8,68.8,69.2,80.0,70.8,75.8,13.0,82.6,51.8,70.4,73.8,6.2,70.0,19.8,38.8,69.6,75.8,4.2,45.6,30.8,21.8,9.2
6,2018-05-31,53.0,67.5,71.25,82.75,84.75,37.5,82.75,85.5,13.25,69.5,79.0,82.75,70.0,39.0,83.75,81.75,67.5,68.0,82.5,69.25,51.5,72.25,89.0,92.0,79.75,5.75,84.0,78.5,84.5,82.0,79.25,61.5,30.0,15.0,65.25,60.75,49.75,55.75,92.5,47.0,72.75,26.0,57.75,43.75,65.25,46.5,63.0,83.75,21.5,74.0,85.5,87.25,51.0,72.0,28.0,46.5,86.25,87.25,84.0,62.5,45.75,87.75,82.75,74.75,0.0,70.25,74.0,82.5,84.25,94.25,74.5,57.0,71.75,68.5,78.0,61.0,84.25,60.25,0.0,88.25,74.75,72.25,81.5,45.25,48.5,86.25,62.25,73.25,7.75,76.25,84.0,47.25,39.25,54.5,72.75,62.0,58.0,91.25,54.0,35.0,83.25,76.5,67.5,32.5,87.25,80.0,58.75,71.0,75.0,87.75,41.0,66.25,11.5,75.5,73.0,41.0,73.25,80.5,40.75,71.0,78.75,80.0,16.75,76.25,81.75,84.75,84.75,87.25,78.0,79.5,60.5,49.5,76.25,48.5,74.25,87.75,70.5,65.5,83.75,62.0,75.75,88.0,39.25,65.0,92.75,48.75,67.75,57.5,58.25,80.0,71.0,72.75,74.5,89.0,50.75,54.25,48.0,84.25,24.75,59.5,44.75,58.75,74.25,54.5,78.75,75.5,22.5,92.5,87.0,0.0,32.0,89.75,87.25,61.5,83.0,84.5,83.0,87.25,8.0,83.0,72.5,6.25,75.0,84.5,80.75,42.75,81.5,69.5,58.25,83.25,32.5,91.25,62.75,0.0,59.5,72.0,88.0,65.75,86.75,70.75,91.75,80.0,72.5,78.75,77.0,73.5,55.25,75.0,50.5,68.75,8.25,0.0,70.5,59.75,67.75,55.0,51.0,51.25,71.75,70.5,30.0,31.5,22.5,25.25,59.75,0.0,82.5,82.0,76.0,80.25,86.5,74.25,80.0,14.0,84.5,52.75,77.5,78.75,16.5,68.75,20.5,39.75,61.5,73.5,6.0,48.75,23.75,6.75,9.5
7,2018-06-30,50.0,70.5,87.25,86.5,84.5,40.25,84.75,86.25,33.75,68.25,74.75,77.5,69.75,29.5,87.5,88.75,77.0,72.25,79.5,78.5,44.5,73.75,79.25,91.0,82.5,16.5,90.25,76.5,85.25,79.25,78.75,60.0,41.25,29.0,58.25,62.5,41.5,56.5,72.25,41.25,64.0,25.25,47.0,36.0,45.5,33.0,54.5,56.5,5.25,46.25,90.0,89.25,53.0,73.0,53.0,53.25,87.25,87.75,85.5,58.25,46.75,89.5,86.75,77.25,25.0,80.25,82.5,85.5,86.5,86.5,72.75,48.0,68.75,74.75,82.25,55.5,90.5,60.25,8.5,82.25,85.25,85.75,83.25,45.0,49.25,90.0,80.0,75.75,17.0,77.5,82.75,43.75,41.5,58.0,74.5,65.0,59.75,90.25,58.0,24.5,83.0,75.75,67.0,46.75,93.5,85.5,58.75,69.5,80.25,91.75,41.5,71.25,9.75,79.0,76.25,44.5,82.0,70.0,41.5,70.25,80.0,76.75,21.75,84.0,85.5,85.5,85.75,91.75,87.75,79.5,77.5,59.25,68.25,51.25,74.75,94.25,70.5,76.0,88.75,67.75,77.0,87.5,38.75,76.0,89.75,48.75,73.25,57.75,64.25,74.75,72.75,87.0,79.0,88.25,52.25,63.0,51.75,74.75,18.75,55.5,36.5,57.0,76.25,31.5,85.0,78.0,10.5,84.25,91.25,10.5,33.0,89.0,87.0,61.25,84.5,86.5,86.0,91.25,6.0,82.75,71.75,0.0,76.25,87.0,80.25,30.25,84.75,68.25,69.75,82.75,32.75,83.5,65.5,0.0,60.25,65.5,87.75,69.5,86.25,73.25,87.25,75.0,73.75,77.5,82.0,77.0,65.0,77.75,50.75,64.5,11.5,22.0,79.0,60.0,77.0,51.25,51.75,52.5,74.75,71.5,31.0,32.5,22.0,26.25,63.25,0.0,80.25,75.5,76.5,84.0,82.5,73.25,81.75,8.75,88.5,56.75,80.0,88.75,0.0,67.0,30.75,54.75,77.25,77.75,4.0,38.0,43.0,16.5,3.75
8,2018-07-31,55.4,74.4,72.4,84.4,86.6,43.8,88.6,86.8,0.0,70.0,82.6,85.4,72.4,30.6,86.8,94.4,80.4,78.0,94.0,72.2,69.2,76.8,82.0,91.4,83.4,7.8,89.8,78.8,89.2,82.0,79.4,61.8,35.4,23.4,68.4,63.2,42.0,58.4,74.0,49.4,62.8,34.8,48.6,39.2,48.6,35.2,63.2,51.6,4.4,46.2,96.6,92.4,57.0,77.0,21.6,48.8,92.2,90.8,89.8,60.6,48.4,92.0,89.0,81.4,9.2,76.2,79.8,87.0,87.8,94.8,72.4,71.0,60.4,78.6,87.4,58.8,89.8,61.4,10.6,89.2,84.0,82.4,87.6,44.0,53.4,91.2,65.4,78.6,18.0,77.2,89.6,60.2,40.0,69.0,81.8,68.0,61.0,93.0,60.6,36.6,86.0,83.6,71.6,61.2,96.8,93.2,62.4,76.6,80.2,92.8,36.8,72.8,10.4,86.6,79.0,46.0,86.4,70.8,43.6,75.8,80.0,84.6,26.8,81.6,89.2,88.0,92.4,92.4,89.2,77.6,69.2,57.4,62.4,53.4,79.0,92.8,75.6,80.0,87.6,72.8,81.2,90.2,42.6,77.2,92.4,50.6,58.6,58.0,61.2,81.4,75.6,77.6,78.0,90.0,55.4,58.6,54.6,69.2,14.0,53.6,16.6,53.8,79.6,48.0,82.8,71.0,24.0,93.8,96.2,11.0,33.0,92.0,92.8,62.4,87.2,87.6,87.8,92.4,0.0,84.6,75.0,34.8,79.4,89.4,84.6,50.8,90.4,84.6,73.2,81.0,38.4,91.0,68.8,4.2,64.6,50.6,89.4,69.6,92.2,78.6,94.0,79.0,81.2,84.0,86.2,86.4,84.2,76.2,55.8,71.6,27.2,13.0,78.6,61.2,76.6,54.8,57.8,58.4,79.6,76.6,32.2,36.4,20.4,25.4,64.0,0.0,81.2,77.6,71.8,84.2,82.2,79.8,85.2,17.8,91.4,57.4,84.2,87.8,28.6,71.8,24.2,22.8,85.0,77.6,3.6,46.6,33.4,5.4,13.6
9,2018-08-31,55.25,73.5,71.5,89.5,85.75,43.25,85.5,85.5,21.25,74.75,89.5,82.25,69.75,37.5,85.75,86.0,75.0,71.75,81.0,75.75,62.75,74.0,83.25,90.25,84.5,34.0,85.25,79.25,89.5,80.0,82.25,61.25,42.25,37.25,64.75,59.25,43.25,50.25,77.0,52.75,64.25,42.5,46.25,40.5,54.25,37.5,58.5,51.25,7.5,49.5,87.25,89.0,48.75,72.0,19.75,46.0,88.0,88.75,84.0,61.25,45.0,90.25,87.0,81.75,23.75,71.25,77.5,86.75,81.75,90.5,74.25,62.25,48.5,78.5,81.25,56.75,84.75,57.25,19.25,87.75,78.0,74.0,83.5,45.0,57.25,89.5,61.5,78.0,9.75,73.25,87.25,46.25,39.75,68.5,83.5,66.25,57.0,88.75,62.75,36.0,85.75,78.5,63.75,58.5,91.5,89.75,60.25,72.75,83.0,92.5,39.0,70.5,10.25,85.25,77.0,47.0,79.25,68.75,46.25,73.25,84.75,83.0,22.75,73.5,85.5,85.75,87.5,88.75,92.25,72.75,67.0,61.75,70.75,51.75,69.75,93.5,72.75,62.75,84.0,69.75,78.0,83.5,41.5,79.0,89.5,53.0,67.75,62.75,63.75,83.5,64.75,72.0,79.25,86.75,50.5,65.25,49.5,61.0,12.75,62.25,37.0,55.5,74.0,21.75,75.75,74.5,34.75,93.25,93.0,26.0,30.5,88.75,88.5,63.75,89.5,91.75,84.25,95.75,12.5,81.75,71.5,7.5,78.25,92.0,81.0,28.25,85.75,63.25,69.75,82.75,33.75,80.25,69.5,7.0,64.25,55.5,85.75,77.75,87.5,85.75,98.75,81.75,83.75,82.75,89.0,79.5,75.5,78.5,53.75,75.5,9.75,0.0,82.0,59.25,68.75,53.75,59.5,61.5,75.25,77.75,32.5,37.5,22.0,27.0,62.25,0.0,85.5,79.75,75.25,83.25,83.0,78.0,89.0,14.5,85.75,58.0,82.75,77.0,0.0,74.0,37.75,19.75,79.0,72.75,3.0,37.0,19.75,32.75,22.5
10,2018-09-30,61.4,68.0,83.6,78.6,77.4,38.2,79.4,78.4,30.0,66.2,77.6,72.8,62.8,27.4,75.4,80.2,73.0,61.0,72.4,71.8,51.2,68.2,76.8,82.4,75.0,7.4,77.2,75.8,77.6,75.4,69.4,54.4,34.2,30.2,56.2,56.0,41.2,50.4,68.2,43.4,55.0,27.4,45.0,27.6,43.2,35.8,50.8,45.8,0.0,46.4,80.4,80.0,56.8,66.6,19.8,38.8,81.4,84.0,81.4,52.0,41.8,83.2,75.6,73.0,0.0,65.6,69.2,81.0,74.2,82.6,67.8,53.8,45.0,77.4,75.4,50.8,80.2,55.4,11.0,77.2,74.0,68.0,78.0,39.6,51.2,81.0,71.6,67.8,5.6,68.0,79.4,65.0,39.4,62.6,68.0,58.6,52.2,81.4,54.4,27.4,74.6,68.0,57.4,62.8,82.0,80.2,54.2,71.2,76.8,79.4,30.4,63.4,10.4,81.8,71.2,44.0,68.2,64.4,42.0,71.6,73.8,75.2,20.0,75.8,77.0,76.6,78.8,79.8,73.2,60.6,67.8,55.2,62.4,50.8,48.0,82.6,60.4,59.8,71.4,60.6,68.8,72.6,35.6,84.2,84.6,49.8,59.4,59.2,79.4,75.2,74.6,69.4,72.4,80.8,51.6,47.2,49.8,68.4,26.4,43.8,31.4,55.2,73.6,31.8,72.2,66.6,20.2,75.2,81.2,0.0,28.6,82.4,80.8,58.4,74.2,76.2,77.2,86.8,8.2,73.8,64.0,12.6,71.2,89.4,68.8,37.6,78.4,62.4,67.2,73.0,31.6,79.0,63.8,5.0,60.8,45.6,74.8,56.8,80.2,75.2,81.6,70.4,69.0,75.2,79.4,78.0,67.8,72.6,48.4,75.2,16.8,23.6,76.2,56.2,72.8,49.4,52.8,53.4,64.2,70.4,30.2,30.4,19.8,25.4,58.0,0.0,75.8,70.0,65.8,77.0,74.6,68.8,85.6,8.4,82.8,54.0,75.0,64.8,5.2,64.8,36.2,34.4,63.8,66.8,3.2,39.4,32.6,7.2,14.8
11,2018-10-31,58.0,65.25,77.75,71.0,78.0,36.75,82.0,77.0,25.5,68.5,79.0,74.75,59.25,26.75,75.75,85.5,74.0,63.75,77.75,69.75,52.75,60.25,77.5,80.5,67.75,14.25,79.5,68.25,74.75,73.0,78.5,50.25,30.75,16.0,55.25,54.25,38.5,47.25,67.75,51.25,55.0,33.25,42.0,53.25,49.75,30.0,49.0,49.5,0.0,50.25,82.5,77.5,48.5,57.75,30.0,38.5,79.0,79.25,79.0,52.0,41.0,83.75,74.0,72.75,13.75,64.5,73.25,80.0,69.5,73.0,68.75,50.0,43.75,83.0,74.25,52.5,76.5,55.0,5.0,71.5,69.0,71.5,75.25,38.25,53.5,82.5,68.75,64.75,0.0,66.25,78.25,60.25,40.0,60.0,71.0,58.75,53.25,80.0,49.5,24.0,72.25,68.25,52.5,60.5,82.0,80.75,53.5,68.5,70.25,76.25,34.0,63.0,9.25,79.25,69.5,44.25,70.75,63.0,38.25,73.75,71.75,71.0,24.25,71.75,78.75,74.25,79.0,75.25,72.75,57.0,64.5,61.75,60.25,54.5,65.5,81.5,60.0,52.0,69.75,58.75,65.75,73.25,36.0,79.25,75.5,50.25,54.0,60.0,74.75,72.75,63.25,68.25,73.5,78.75,50.5,42.5,43.0,58.5,19.0,47.0,22.75,47.5,69.0,27.0,66.5,69.0,40.0,81.25,77.0,4.5,28.0,86.5,79.0,58.25,69.5,71.5,72.75,83.25,24.25,69.75,66.5,17.0,69.25,86.0,69.75,34.0,73.25,60.5,57.5,75.5,30.75,79.25,64.0,27.5,60.75,39.75,76.0,63.0,74.5,75.0,79.5,75.0,68.25,77.0,77.25,69.5,64.75,67.75,50.0,64.25,16.5,5.75,71.0,54.75,63.0,38.75,55.0,56.0,63.25,72.75,28.75,28.5,18.75,24.5,57.25,0.0,72.0,72.75,65.0,73.75,74.0,68.0,79.5,13.75,80.5,51.25,71.5,59.75,8.75,63.5,18.25,16.25,64.75,67.5,3.25,49.0,23.75,20.5,4.5
12,2018-11-30,56.25,66.75,66.25,68.5,73.0,38.5,79.75,77.75,5.75,68.5,74.75,68.5,64.0,23.25,81.5,77.75,66.75,52.25,70.75,61.25,55.5,71.5,70.0,82.0,73.5,0.0,77.25,73.5,71.75,74.75,64.75,46.5,48.5,17.5,48.25,46.25,37.0,52.5,70.0,43.75,56.75,36.0,40.25,37.0,41.5,27.25,50.75,47.5,7.25,48.75,79.0,73.75,47.25,58.0,18.0,37.0,82.25,76.0,70.0,49.75,41.0,81.25,68.75,72.0,0.0,66.75,71.25,80.75,69.0,72.25,65.0,40.5,41.75,86.5,79.25,47.25,75.75,54.0,5.75,69.25,63.75,66.5,73.0,35.0,51.25,78.0,57.5,54.0,0.0,67.0,77.5,59.0,40.0,60.5,71.0,62.75,55.5,74.5,51.75,21.0,70.5,66.0,55.75,54.0,81.75,81.5,56.75,69.75,73.75,78.25,33.75,60.25,8.25,78.5,70.25,43.0,68.5,61.75,41.75,69.0,66.5,74.25,17.5,72.5,78.0,72.25,79.5,72.5,74.0,56.75,62.5,69.0,62.5,51.25,54.0,77.75,57.0,58.75,71.25,57.0,69.5,79.0,34.75,76.5,77.75,48.25,59.25,63.5,86.5,72.0,59.75,69.75,72.75,77.75,54.5,59.25,48.75,55.0,11.25,52.0,33.25,40.5,64.0,31.5,68.75,71.75,33.25,80.75,71.5,20.5,25.25,83.5,79.75,58.0,67.75,67.75,73.25,86.75,0.0,62.75,69.0,29.25,67.25,83.75,69.0,34.5,79.0,58.0,60.0,72.75,35.25,78.5,65.75,15.5,61.0,49.5,70.75,60.0,73.25,77.25,79.75,74.5,70.75,72.5,78.25,68.75,55.25,68.25,52.25,64.25,10.25,0.0,70.5,54.75,58.75,43.5,61.0,62.5,63.5,70.5,30.25,29.25,18.0,25.0,54.5,0.0,70.0,72.25,63.0,72.0,63.0,73.75,83.5,8.75,82.25,48.75,72.5,56.75,19.75,60.5,27.25,24.5,78.25,59.75,4.5,29.5,19.5,25.5,18.75
13,2018-12-31,57.0,68.4,67.8,69.6,72.6,37.4,85.2,77.0,7.2,71.4,66.4,65.2,63.4,25.8,71.4,76.6,67.4,50.0,71.6,70.4,48.0,61.2,73.2,78.2,77.8,4.2,77.4,72.6,73.4,73.2,63.2,49.4,37.4,39.0,65.2,62.6,36.4,48.6,62.0,46.4,52.0,25.2,39.4,34.0,42.4,27.6,54.0,46.4,3.8,42.8,82.2,76.0,46.6,59.8,48.4,41.4,78.6,75.4,67.0,50.8,40.0,76.8,70.0,72.4,0.0,65.6,67.4,83.6,61.6,75.6,62.6,42.4,41.8,77.0,74.8,49.0,80.8,57.4,0.0,72.2,71.4,72.2,74.0,35.2,56.6,79.4,55.6,61.0,5.0,66.4,72.6,46.6,40.4,57.6,71.8,66.4,58.4,76.4,50.6,22.8,68.0,63.8,55.0,46.4,80.0,81.0,59.8,70.4,78.0,73.2,33.6,59.4,9.4,82.2,68.8,41.2,67.8,60.0,43.2,67.4,68.4,73.4,19.2,70.6,76.8,68.8,78.2,73.6,76.6,58.0,51.8,54.0,59.6,48.6,54.6,76.2,56.0,58.2,73.0,58.0,70.6,68.6,35.8,73.0,72.2,44.8,54.2,61.8,72.8,73.4,69.8,66.6,70.0,73.4,56.2,49.0,45.8,51.6,10.2,46.8,34.6,47.6,65.6,22.6,63.2,69.4,22.6,75.8,73.2,4.4,26.2,81.0,86.0,59.0,61.6,63.6,72.0,86.6,20.2,63.2,66.8,17.8,66.2,84.8,67.2,40.6,73.6,60.6,57.2,72.6,29.8,70.8,68.2,24.2,65.2,44.0,71.8,54.2,78.2,79.4,76.6,70.0,73.0,67.4,82.8,69.0,56.0,67.8,48.2,57.4,0.0,4.4,64.6,53.4,61.0,42.8,61.4,62.4,66.0,73.8,31.0,26.8,16.2,24.6,58.4,0.0,71.4,77.8,61.8,73.2,62.0,73.4,92.0,11.4,76.4,45.4,65.6,58.6,7.2,60.6,22.8,20.4,57.2,61.2,4.8,39.6,37.0,11.2,10.6
14,2019-01-31,62.25,69.25,76.0,72.5,75.0,38.5,79.5,77.5,0.0,69.25,75.0,62.5,63.5,27.0,77.5,82.75,71.5,67.75,75.25,61.75,46.5,58.25,77.5,81.5,78.5,7.0,75.25,72.5,77.5,75.0,81.5,57.0,58.75,21.25,64.75,58.75,39.5,45.75,57.75,64.25,52.25,24.75,42.0,44.5,43.25,28.75,53.0,50.5,5.0,37.75,82.25,77.25,41.25,73.0,31.75,36.75,83.5,81.5,76.0,50.5,40.75,79.75,69.5,74.0,6.0,72.0,71.5,82.0,63.5,75.75,68.25,39.5,41.5,88.25,74.25,45.5,77.25,55.0,0.0,74.5,77.75,69.5,76.75,40.5,57.5,77.0,47.5,54.0,19.25,71.25,77.0,41.75,43.0,67.5,79.0,64.25,52.75,77.0,51.75,30.5,71.5,69.25,54.75,43.75,78.75,80.5,60.25,74.0,74.5,73.75,31.75,62.75,8.75,81.25,68.25,40.75,69.5,55.75,43.25,74.25,68.75,75.75,26.0,73.5,77.5,74.5,79.25,75.75,81.0,58.75,58.25,58.75,63.0,49.75,52.75,81.0,57.0,45.25,67.0,58.0,67.25,69.75,38.25,73.75,78.5,55.25,56.0,62.0,64.5,68.5,69.5,60.75,68.25,73.75,52.0,50.5,46.25,60.5,14.5,52.25,43.0,45.25,64.25,29.75,63.0,71.0,23.0,78.75,73.25,0.0,32.75,79.5,81.5,59.75,64.5,66.0,76.25,88.25,36.25,63.0,68.5,6.0,69.0,83.25,69.75,18.0,78.25,64.25,55.5,72.0,27.25,71.75,65.25,13.0,70.0,45.5,73.25,55.0,79.25,77.75,80.0,73.25,71.75,75.75,80.0,68.25,64.0,67.25,44.5,68.75,6.25,42.5,71.0,52.75,71.5,47.5,60.25,61.75,62.25,73.0,31.0,28.5,17.0,26.75,57.75,0.0,79.75,79.75,64.25,74.25,65.5,67.5,74.25,24.75,76.0,54.0,71.0,59.25,8.0,71.75,23.0,15.75,51.0,76.0,3.75,35.75,34.75,20.5,14.75
15,2019-02-28,71.75,68.75,68.0,76.0,77.5,37.75,84.75,84.75,12.0,68.25,74.25,68.25,67.75,30.5,85.0,75.75,74.75,72.5,79.5,73.75,42.0,65.0,77.5,85.25,82.25,0.0,84.0,74.5,91.5,80.25,90.25,65.75,56.5,41.0,71.25,55.75,37.0,48.25,65.0,53.0,53.75,41.5,44.5,39.25,47.75,33.25,55.5,47.75,0.0,36.0,82.0,87.5,47.75,74.0,29.5,42.0,78.75,81.25,83.5,51.75,45.25,85.25,73.25,79.0,6.0,81.0,82.25,87.25,64.75,75.75,61.5,38.5,46.0,85.5,80.75,49.25,84.5,60.5,5.75,77.5,88.25,74.75,82.5,38.75,60.25,77.75,74.0,58.75,0.0,79.25,83.0,55.25,43.0,64.0,80.75,65.75,55.75,80.0,53.5,30.75,75.0,68.75,55.25,45.25,80.0,85.0,59.0,75.5,81.0,80.5,31.0,64.75,9.25,83.25,70.0,45.5,77.0,66.25,46.0,81.5,72.5,71.75,18.75,90.75,81.75,84.75,83.5,77.0,84.0,62.5,65.0,61.75,64.5,50.5,51.5,83.75,60.0,57.5,74.75,63.25,76.25,79.5,39.5,75.0,78.25,53.75,53.0,64.5,70.5,75.5,71.25,64.25,72.5,78.25,54.25,53.75,51.75,58.5,27.5,51.75,31.0,55.0,76.0,44.75,71.5,67.5,41.25,72.75,80.25,9.75,33.0,84.0,86.25,61.5,68.75,70.75,82.0,91.0,21.75,69.5,71.25,19.0,70.5,86.25,71.75,33.75,82.75,69.75,60.75,77.0,32.25,79.5,69.5,6.75,67.75,53.75,75.0,56.25,79.25,88.0,84.5,86.5,73.0,84.0,84.25,69.25,57.0,67.25,51.75,64.25,7.5,20.25,71.25,53.5,71.75,42.25,75.0,76.25,65.25,74.75,32.75,28.0,18.0,24.25,57.5,0.0,89.0,82.5,64.75,78.0,70.0,67.25,79.5,8.75,72.0,72.5,83.75,69.25,12.25,78.5,39.0,38.5,51.25,78.0,3.5,47.25,34.25,6.5,0.0
16,2019-03-31,70.2,70.6,65.6,82.2,82.8,39.2,88.2,82.4,30.0,69.4,82.0,74.8,72.8,40.2,86.0,86.6,77.8,55.0,81.6,75.2,54.4,62.0,77.8,85.8,88.8,4.0,83.8,81.6,88.0,81.8,78.8,65.2,39.4,30.0,71.6,62.4,40.6,54.2,67.6,54.0,61.2,40.0,46.2,31.4,44.0,35.2,57.6,52.2,15.2,45.8,83.8,88.4,53.6,73.4,23.8,42.6,82.2,86.8,86.6,58.4,46.6,90.0,78.8,80.8,0.0,80.2,77.2,91.2,70.2,82.8,77.6,48.0,48.0,78.6,83.0,46.6,92.6,63.2,17.0,81.0,82.4,74.6,83.4,40.4,64.6,81.8,66.2,64.4,0.0,80.0,83.2,52.4,46.4,66.0,81.6,68.8,64.6,83.2,52.2,24.2,79.4,69.8,59.4,46.6,86.2,85.8,61.8,72.8,85.4,84.0,35.4,66.2,9.2,83.6,78.8,47.2,80.4,66.8,52.0,71.8,77.8,80.6,13.8,83.0,83.4,81.0,83.8,80.4,78.4,67.8,72.2,82.6,69.8,55.2,72.0,86.6,63.6,67.4,81.8,63.0,79.6,80.6,39.6,78.4,82.4,56.0,50.6,63.6,69.6,71.0,72.4,69.8,72.2,87.8,54.6,50.2,48.4,64.6,18.2,59.2,42.0,50.0,74.4,38.6,89.4,73.0,37.0,75.4,83.6,8.6,35.0,88.0,87.6,66.0,70.4,72.2,83.6,92.2,15.0,73.4,72.0,12.6,77.0,91.2,80.6,45.6,84.6,65.4,68.8,82.0,36.0,90.8,72.4,24.6,66.6,61.4,79.2,71.2,86.0,94.2,84.6,77.4,72.4,78.8,83.0,73.8,63.2,70.6,53.4,62.6,0.0,15.0,71.8,55.2,58.0,42.2,68.8,69.4,71.0,73.8,32.4,31.2,17.2,26.2,59.8,0.0,87.0,81.8,74.4,87.0,68.8,67.2,78.0,14.4,77.0,63.8,78.0,77.0,0.0,78.8,30.6,18.4,57.6,82.0,4.2,41.6,28.8,15.2,16.8
17,2019-04-30,67.75,66.5,65.0,70.5,77.5,40.0,83.5,83.0,31.0,71.5,76.5,70.5,67.75,34.0,79.75,78.75,71.25,64.0,80.0,71.0,46.5,60.75,74.5,86.0,81.5,6.75,80.0,74.0,78.25,79.75,78.75,59.25,49.25,45.0,55.0,61.5,43.75,42.5,64.0,50.5,59.5,17.75,43.75,40.75,44.5,34.25,51.25,51.25,19.75,41.0,77.5,84.25,43.75,61.5,27.0,37.0,83.0,80.75,78.0,57.5,47.5,83.0,78.25,70.25,29.5,70.0,66.5,83.75,67.75,76.0,75.25,46.75,47.5,74.0,78.0,49.25,83.5,57.5,12.5,86.25,81.75,62.25,81.5,43.75,60.5,79.5,52.5,70.25,0.0,75.0,80.75,45.0,45.0,61.0,76.25,63.75,55.25,81.0,52.25,23.0,76.25,71.0,62.25,45.5,85.0,79.5,57.5,68.0,74.75,81.0,37.0,66.75,10.0,76.5,73.75,46.25,79.25,72.0,44.25,74.0,78.0,76.75,11.5,77.0,76.25,77.0,78.5,76.25,77.25,70.0,67.5,49.5,57.75,49.0,51.25,82.0,62.25,57.0,76.25,58.75,76.25,74.75,37.25,78.5,75.75,55.0,45.0,62.75,67.25,76.25,72.75,61.25,66.75,83.5,51.5,53.5,40.25,48.25,20.25,56.5,32.75,45.0,69.25,9.75,81.5,67.5,26.0,74.5,81.25,13.0,34.25,87.25,81.5,63.5,64.75,66.25,77.75,86.25,7.25,69.0,70.0,11.5,72.75,81.75,77.0,42.5,76.25,65.25,61.5,70.5,32.25,84.5,68.0,5.5,67.25,53.75,76.5,63.25,81.25,83.5,80.0,76.75,79.25,71.0,76.75,68.5,58.25,69.25,53.25,61.75,14.25,21.75,69.5,57.25,67.0,44.0,66.5,67.5,67.25,72.75,31.5,27.5,18.25,23.25,58.25,0.0,71.5,77.75,72.75,80.75,64.5,62.0,71.5,10.0,78.25,52.25,75.75,73.25,0.0,72.5,35.75,26.75,65.75,82.0,5.75,28.75,31.25,20.0,0.0
18,2019-05-31,75.5,70.25,64.25,65.75,72.25,40.75,83.75,89.75,6.75,71.5,79.25,65.25,69.0,31.25,75.5,80.75,76.25,63.75,77.0,62.0,35.5,66.5,74.75,80.5,83.75,14.25,72.75,69.5,80.75,81.0,80.5,60.75,32.25,31.75,52.75,55.25,42.75,44.75,66.5,54.5,58.5,22.25,47.0,29.5,42.0,33.75,52.75,46.75,17.5,41.0,78.75,82.5,40.5,62.25,22.25,39.0,79.5,83.0,75.25,57.0,43.75,84.25,73.5,73.25,6.0,69.0,67.0,82.25,66.75,84.5,76.25,54.5,51.0,74.5,78.5,49.5,87.0,58.0,19.0,86.5,79.75,70.0,85.0,43.25,57.5,79.25,59.0,68.75,0.0,74.5,80.5,58.75,42.75,63.0,73.25,64.0,55.25,81.5,55.0,17.75,78.5,74.0,61.5,52.5,87.5,81.0,61.0,67.25,78.5,83.0,36.25,67.0,11.5,82.5,72.25,50.75,74.5,75.75,46.5,73.0,72.5,81.75,22.0,82.0,75.75,81.75,78.25,78.0,83.5,71.75,56.25,44.75,58.25,52.75,59.0,87.5,59.5,67.5,79.25,60.25,81.25,71.75,39.25,76.75,74.5,52.75,57.75,65.25,64.0,61.25,68.75,59.5,68.0,86.75,53.5,51.25,55.75,72.5,25.75,48.75,29.75,35.25,66.25,39.75,79.0,59.5,28.75,72.5,84.5,4.75,32.5,84.25,86.25,64.75,67.0,68.0,79.0,88.0,0.0,69.5,74.25,8.25,76.5,83.5,72.0,62.0,77.0,69.25,61.75,77.0,28.25,83.5,66.75,5.0,66.25,50.5,74.5,54.0,83.75,80.5,81.25,70.75,75.75,73.0,80.0,71.75,63.0,70.25,54.25,58.75,0.0,15.0,72.75,57.0,66.75,40.5,67.25,68.5,73.5,76.5,31.0,28.5,18.0,25.5,77.5,0.0,70.0,80.25,70.75,82.75,63.5,68.75,80.0,7.75,84.75,53.5,79.0,82.0,5.0,79.75,18.0,45.5,65.75,74.25,4.25,57.0,38.5,10.5,10.25
19,2019-06-30,73.2,71.8,68.2,80.6,76.2,43.6,90.8,85.8,40.2,76.4,86.4,72.4,70.8,36.6,84.6,83.2,75.2,54.8,81.8,68.2,44.0,66.8,72.4,81.8,80.2,0.0,79.8,72.0,82.8,81.4,79.2,61.6,30.0,42.0,46.2,61.4,43.4,54.6,65.2,50.8,60.4,24.8,47.2,26.8,46.8,38.8,54.2,54.2,12.8,36.8,81.0,84.8,43.6,71.2,31.0,54.2,82.4,88.2,76.4,59.8,48.4,83.4,80.2,75.6,16.4,78.8,71.0,85.4,68.2,85.2,74.0,40.6,61.2,81.6,86.8,51.4,86.4,59.8,15.2,87.4,86.8,71.6,90.0,44.6,54.4,83.6,56.8,76.8,0.0,77.6,81.2,62.8,45.8,65.4,77.2,67.8,59.8,84.6,58.8,30.6,81.0,73.0,65.4,53.8,93.6,85.2,61.2,71.2,78.8,85.2,34.4,71.6,11.6,84.4,73.8,54.2,80.0,71.2,48.2,62.8,74.4,77.8,16.2,74.2,77.6,83.4,82.0,81.8,89.6,76.6,65.6,56.8,73.0,60.0,59.4,88.4,68.4,64.2,87.4,67.4,83.8,77.8,42.0,78.6,75.0,52.0,69.8,67.0,69.8,77.4,75.8,65.2,73.8,85.6,51.6,51.0,54.0,60.0,32.2,51.6,19.0,54.0,75.4,24.2,75.2,74.4,25.6,81.4,86.8,0.0,37.6,87.2,87.8,64.0,73.2,73.8,77.0,89.6,0.0,71.4,74.2,20.0,80.2,85.8,79.0,25.0,79.6,62.0,64.6,77.8,33.2,73.2,70.2,19.6,68.2,41.0,77.2,64.0,83.0,84.0,82.4,74.8,76.4,75.6,83.2,71.0,64.8,70.8,54.2,63.4,15.6,0.0,75.0,58.8,63.6,39.8,69.8,71.2,78.6,73.6,31.4,31.6,19.4,25.4,60.2,0.0,70.0,78.0,76.6,84.8,73.8,69.4,85.4,7.0,91.6,55.0,90.2,91.4,24.8,78.4,28.8,20.0,65.6,78.0,4.8,47.8,29.0,22.2,3.4
20,2019-07-31,73.5,75.75,68.0,74.25,79.75,50.75,91.5,84.5,5.25,74.5,90.5,74.0,74.75,33.75,87.25,89.0,77.0,77.5,83.75,71.25,33.75,68.5,76.75,82.75,87.5,8.75,82.5,70.5,83.0,80.25,73.25,66.25,50.75,32.75,55.25,61.5,42.25,43.5,70.5,49.5,60.75,15.5,48.5,33.75,44.5,38.75,59.75,63.0,25.0,38.25,86.25,84.5,42.25,70.5,29.25,52.0,84.25,85.75,80.5,59.0,48.75,90.25,80.25,76.5,0.0,82.25,79.0,87.0,66.25,91.25,80.75,44.75,54.75,86.75,88.75,48.75,92.0,60.25,17.25,95.25,87.5,74.0,91.5,42.75,54.5,81.0,54.25,75.25,0.0,81.75,87.0,52.75,45.5,69.5,81.25,68.75,63.5,86.5,61.25,17.5,85.5,75.5,67.25,50.75,96.0,88.0,62.75,70.0,77.5,88.0,37.5,73.25,11.0,86.0,80.5,54.5,80.0,70.25,49.75,72.75,76.0,74.5,12.75,74.25,84.25,88.5,85.0,86.25,95.5,78.75,60.75,60.0,63.25,60.25,58.0,96.5,70.25,59.5,88.25,67.0,82.25,87.0,41.0,83.25,74.25,51.0,46.75,69.25,77.5,81.5,76.0,69.25,75.75,90.5,58.75,57.25,50.0,72.0,11.5,51.25,31.25,46.5,71.5,38.0,81.75,77.75,25.25,81.5,90.5,0.0,38.5,87.75,89.5,66.75,70.5,70.75,80.5,91.5,26.0,72.0,79.5,42.5,81.5,85.0,83.0,45.25,83.0,68.25,68.5,79.75,29.75,81.5,71.25,40.25,69.75,45.75,78.0,58.5,83.25,89.25,86.25,78.25,82.75,75.5,86.5,72.5,50.75,77.25,57.25,70.5,21.25,0.0,75.25,60.25,69.5,40.75,70.25,71.5,81.0,78.5,32.25,33.25,19.25,27.75,58.75,0.0,75.25,80.75,76.0,87.5,72.75,71.75,88.75,34.0,45.25,56.25,85.25,95.25,19.75,77.75,29.5,48.75,67.75,79.75,4.25,48.75,32.0,14.75,7.5
21,2019-08-31,78.5,73.75,66.5,74.75,78.25,48.75,93.0,88.0,17.0,75.25,81.75,73.0,69.5,34.25,82.5,84.0,81.75,75.0,78.75,67.0,49.25,70.75,75.25,80.75,78.25,0.0,82.0,67.0,83.0,85.75,77.0,65.25,41.25,20.25,57.0,51.0,43.25,44.5,62.75,46.0,58.75,23.5,45.5,37.75,42.25,32.5,54.0,68.5,0.0,41.5,85.0,84.5,31.5,63.75,22.25,48.0,89.0,86.75,77.5,62.5,47.5,84.75,77.5,76.25,11.75,80.25,71.75,84.75,63.75,86.0,74.25,54.5,57.75,80.5,86.75,49.25,85.75,60.75,20.0,92.25,85.5,75.75,89.0,44.25,54.25,82.5,72.5,69.75,7.75,76.25,80.0,67.0,44.5,73.25,82.25,68.0,64.75,87.0,56.25,33.75,84.5,73.0,65.75,53.0,88.25,84.5,63.25,73.75,83.75,85.75,39.25,72.75,10.5,87.25,77.75,54.5,83.5,54.75,48.0,74.75,78.5,75.75,12.25,77.25,82.25,87.25,82.25,86.75,89.5,73.75,55.25,66.25,70.5,59.5,49.25,90.25,69.5,54.75,82.75,65.75,80.5,78.5,43.75,85.0,72.0,51.0,56.5,68.25,68.25,83.5,75.75,65.75,73.75,85.0,57.5,44.25,51.75,54.75,25.5,55.5,31.5,44.75,70.25,45.75,76.75,73.75,32.0,73.75,86.5,4.25,40.75,87.75,87.0,64.0,72.75,73.5,77.5,90.0,5.75,71.75,75.75,11.5,79.75,85.75,83.75,50.75,82.25,63.75,59.0,73.75,51.25,82.25,70.5,10.0,69.25,46.0,74.75,61.5,83.5,84.0,85.25,78.5,80.75,79.5,86.75,76.0,60.25,73.75,56.25,71.75,17.75,14.0,75.75,59.75,58.75,39.75,71.75,73.5,73.5,79.0,33.0,30.25,19.5,28.75,58.5,0.0,75.5,86.25,74.0,84.75,69.25,78.0,86.25,35.75,0.0,57.25,82.0,81.75,21.0,77.25,22.75,34.5,63.75,72.5,4.0,41.25,43.5,0.0,12.5
22,2019-09-30,70.0,66.6,61.2,65.0,71.2,54.4,85.6,82.4,6.6,71.6,73.4,67.4,62.8,29.4,81.6,78.8,73.2,64.6,71.4,69.2,46.4,68.6,69.6,79.8,77.4,17.2,74.4,71.2,77.6,72.6,67.4,60.0,44.2,33.0,54.0,50.0,38.8,45.4,62.6,50.8,58.4,37.0,40.2,15.6,41.8,35.4,50.6,61.2,3.6,41.2,73.8,78.2,40.0,60.0,17.6,51.2,79.6,78.2,73.6,59.0,43.0,77.8,73.4,68.8,7.8,67.8,65.6,80.6,56.6,83.0,74.2,43.4,45.0,73.2,78.6,47.0,77.4,57.2,11.6,81.6,73.6,62.0,79.6,39.0,49.0,73.6,60.8,71.0,7.6,71.0,74.4,65.2,45.4,64.0,73.4,62.8,55.6,77.4,58.0,32.0,76.6,66.0,58.0,44.2,80.4,74.8,58.4,64.6,73.8,79.4,30.8,64.4,11.6,76.0,71.2,47.4,76.4,68.4,47.2,64.6,69.0,75.2,11.2,74.0,77.4,77.0,74.2,75.0,74.0,62.8,65.6,54.4,64.6,54.8,61.8,82.0,60.6,51.6,70.6,56.6,71.8,73.6,38.8,76.4,64.4,50.2,51.8,62.2,66.2,68.6,66.4,58.6,63.8,79.2,47.6,38.6,49.0,62.4,22.8,49.2,32.0,48.8,69.0,26.6,65.6,64.6,23.2,63.6,78.0,0.0,36.6,80.0,78.6,60.0,65.4,67.2,71.8,82.0,4.4,58.6,69.4,7.8,74.2,84.0,82.8,27.8,76.0,64.2,64.0,68.6,31.6,75.8,68.0,7.2,65.8,47.6,68.8,58.0,76.4,76.6,77.2,72.0,73.6,71.2,79.6,71.0,65.2,65.6,51.4,64.4,0.0,25.4,70.2,54.2,58.6,41.6,65.2,66.0,65.4,71.2,30.4,28.6,18.6,25.6,53.2,0.0,68.4,76.4,75.2,75.4,63.4,67.4,76.0,26.0,0.0,51.0,75.8,73.8,20.8,70.4,21.2,35.4,60.8,70.8,4.6,34.2,29.0,16.2,20.6
23,2019-10-31,62.5,65.25,62.5,62.75,66.5,48.75,86.25,81.5,4.5,75.0,74.5,63.0,62.5,29.5,77.25,77.5,76.0,58.25,71.25,63.0,45.75,61.75,70.25,73.25,76.75,4.5,74.5,70.0,73.5,74.25,72.75,55.0,18.0,36.75,48.25,49.25,34.25,49.0,57.25,45.25,53.75,12.25,41.5,28.0,43.75,30.25,48.25,49.75,21.75,39.0,76.0,74.5,30.5,58.5,33.5,43.75,75.5,75.25,71.0,53.0,42.75,78.0,68.0,68.25,4.5,73.5,71.5,81.75,57.25,76.25,64.5,58.25,50.5,72.75,78.75,42.0,75.0,54.5,0.0,78.25,79.25,62.5,76.75,37.25,50.5,71.5,61.0,61.0,22.25,70.0,73.25,49.75,45.0,63.75,68.5,62.5,55.25,75.0,54.75,28.75,70.5,65.75,57.75,41.0,76.75,74.25,62.5,64.0,71.75,73.75,34.75,63.5,13.25,75.25,72.25,49.5,69.0,58.75,45.75,61.5,64.5,67.5,9.0,74.0,73.75,74.25,74.75,71.75,71.0,56.25,53.5,59.75,56.25,53.0,47.75,81.75,57.0,50.5,71.0,56.5,72.0,71.25,39.0,76.75,66.0,44.75,54.0,64.0,63.0,73.25,70.5,60.5,69.0,74.0,51.0,46.25,49.25,52.0,5.75,44.75,21.5,33.25,60.5,30.0,69.5,65.75,37.25,70.25,76.5,4.5,33.25,77.25,74.75,60.75,64.0,65.0,68.75,79.5,16.75,60.25,70.5,0.0,71.75,81.0,74.75,22.75,71.5,67.75,66.25,64.75,28.25,72.0,70.5,17.25,67.0,47.75,64.0,61.0,75.5,76.0,78.5,72.5,72.75,61.5,80.0,66.75,59.25,65.5,50.0,63.5,0.0,10.25,75.25,53.25,50.25,35.75,65.75,67.0,61.5,69.25,29.25,28.75,20.0,26.25,52.0,0.0,61.25,74.75,71.0,72.75,55.0,68.75,78.0,24.75,0.0,48.25,76.0,69.0,0.0,70.25,27.25,27.75,55.75,67.5,4.25,23.25,22.25,19.25,10.5
24,2019-11-30,61.25,65.5,62.0,63.25,67.75,42.75,87.75,79.75,20.25,73.5,61.0,59.25,62.0,31.75,74.75,76.5,75.25,64.5,72.0,58.75,44.5,60.5,63.25,72.25,76.5,0.0,72.75,61.0,67.75,73.75,69.75,54.5,38.5,26.5,54.25,48.0,34.75,47.0,51.75,46.0,53.0,24.25,39.25,37.75,41.5,27.0,50.25,53.5,4.5,32.25,76.25,76.5,29.0,63.25,27.0,41.5,78.75,74.25,67.25,53.75,41.0,77.25,68.25,68.0,6.75,73.25,66.0,76.75,54.75,68.75,69.25,42.0,47.25,74.0,80.75,41.0,75.5,58.75,0.0,78.75,76.5,61.75,77.5,58.5,51.25,72.5,64.0,58.25,20.25,72.25,75.75,53.5,45.75,62.5,74.25,60.5,51.5,73.5,52.0,27.0,70.0,63.25,58.5,42.0,77.0,74.5,65.25,64.25,77.5,68.0,33.5,62.0,14.0,75.75,70.75,47.5,75.0,48.75,47.75,64.25,62.5,71.75,10.25,65.25,76.25,75.25,74.0,71.0,69.5,53.5,49.75,47.5,63.0,53.5,50.0,82.5,55.75,61.5,65.75,55.25,69.5,63.25,39.5,77.0,62.5,50.5,53.75,66.25,57.75,70.0,68.5,59.0,62.5,77.25,50.25,47.0,48.75,46.75,11.75,44.25,30.75,44.75,61.75,32.25,62.5,68.75,29.75,67.75,73.0,18.75,30.25,78.25,72.75,59.25,58.0,59.25,65.0,81.0,25.25,55.0,71.5,8.0,72.5,77.25,73.5,22.75,69.5,67.0,52.25,69.25,29.75,74.25,68.0,8.5,70.25,47.25,64.75,50.5,72.0,76.0,74.75,73.5,73.0,68.75,78.75,65.25,50.0,65.75,49.75,64.0,0.0,19.75,66.75,54.0,61.5,36.0,68.75,70.0,63.25,71.5,30.0,28.5,19.25,24.0,55.0,0.0,62.25,69.75,67.75,71.5,51.0,63.25,74.75,23.0,0.0,45.75,74.0,67.25,7.0,66.0,30.0,22.75,65.5,63.0,3.5,42.5,33.75,15.0,5.75
25,2019-12-31,61.4,65.6,61.0,57.4,62.2,44.4,89.0,77.2,6.2,71.2,66.0,58.0,63.4,35.8,76.2,70.2,68.6,60.2,57.0,54.4,42.4,62.8,67.4,56.0,70.2,0.0,70.8,58.0,66.8,69.0,61.2,54.8,22.6,23.6,47.8,49.4,39.2,42.6,70.8,42.8,69.4,34.6,50.8,38.2,65.2,46.4,72.4,63.4,3.4,53.6,70.6,71.0,32.6,54.4,26.0,24.0,81.2,71.4,58.6,51.0,42.8,66.6,64.0,55.2,20.6,67.4,65.6,78.4,54.8,58.0,73.6,65.0,45.2,70.2,80.8,43.0,75.4,55.8,3.6,72.2,74.2,55.6,75.0,39.4,48.6,57.0,60.2,54.2,0.0,72.0,69.2,43.8,49.4,62.2,75.2,70.8,62.2,70.2,55.2,22.6,65.0,60.6,43.4,40.6,78.0,74.8,62.8,58.6,72.0,71.8,30.2,61.8,11.2,62.4,70.2,45.6,68.0,49.6,48.8,63.8,56.2,68.4,9.4,52.0,71.4,71.0,70.2,66.8,67.2,54.0,52.8,49.8,63.8,41.6,40.2,79.0,56.6,53.4,67.2,52.6,57.8,61.8,39.0,61.6,60.0,49.2,49.8,62.6,62.0,61.2,61.0,57.4,53.2,69.4,53.8,40.4,46.0,52.6,12.6,44.4,25.0,37.6,57.0,45.8,60.0,60.8,22.4,61.6,71.0,0.0,29.8,73.0,58.2,58.4,64.6,65.6,62.0,71.0,4.2,51.4,68.6,6.2,67.8,73.0,66.2,31.2,56.2,55.0,47.6,48.2,24.6,69.6,67.8,10.4,68.8,40.0,63.2,47.0,55.2,59.6,56.8,67.4,72.6,66.6,79.4,52.2,50.8,63.4,48.8,64.4,7.2,9.6,61.6,51.2,54.4,40.8,64.8,54.4,60.8,72.2,29.0,26.0,17.2,23.8,53.4,0.0,60.6,69.2,68.8,56.6,48.6,64.4,76.2,19.8,0.0,40.8,65.2,70.4,4.8,61.8,34.4,27.4,66.4,61.8,3.6,36.4,29.2,24.8,11.6
26,2020-01-31,59.0,66.25,58.5,63.75,67.75,43.5,84.5,78.75,0.0,70.25,67.0,63.25,64.5,40.0,79.0,70.75,76.0,63.75,53.25,59.75,40.75,68.25,77.75,60.25,73.25,20.5,74.75,62.75,71.25,75.25,77.5,63.75,34.75,34.0,58.25,65.0,44.5,44.75,82.0,40.25,68.25,39.5,52.75,35.25,76.0,49.75,60.75,70.75,10.25,43.5,76.75,79.5,32.75,61.0,35.25,31.75,83.0,75.0,64.5,54.5,42.25,73.0,68.5,52.0,18.75,73.75,68.25,78.5,52.0,57.0,66.75,59.25,53.5,70.5,82.25,41.0,73.0,59.5,7.5,77.25,74.5,56.0,77.5,40.5,48.25,52.25,52.0,59.75,6.75,74.25,64.75,52.25,52.5,67.5,78.5,77.25,68.75,73.5,57.5,24.75,70.5,61.75,45.25,41.25,75.5,74.25,61.75,70.25,78.75,74.75,33.5,62.0,12.75,56.75,75.75,49.25,75.75,59.25,43.75,63.5,64.5,68.25,5.75,57.75,70.75,73.25,70.25,69.5,75.25,53.5,52.5,45.25,66.5,42.0,33.0,83.25,60.25,58.25,65.5,56.0,53.75,64.75,38.75,60.0,64.5,51.0,49.0,65.0,58.5,65.0,63.75,64.5,49.5,70.5,53.25,48.75,48.75,49.0,13.75,50.25,34.0,58.25,66.0,28.75,65.0,62.25,13.75,63.25,72.0,11.5,38.5,77.5,56.25,62.25,71.25,72.5,68.5,79.5,7.5,58.0,73.25,24.0,72.25,79.75,72.0,37.25,53.0,68.25,53.25,47.0,29.5,65.0,71.75,22.0,67.5,47.0,64.5,58.5,58.75,58.5,59.75,68.75,73.25,68.25,80.0,49.25,53.25,65.25,50.5,55.5,15.5,21.75,66.0,51.5,52.25,42.25,68.25,52.0,62.75,73.25,30.0,30.25,19.5,23.75,51.75,0.0,70.75,76.0,74.75,54.75,58.0,67.5,75.25,15.75,0.0,49.75,67.25,72.25,10.25,72.5,26.25,35.25,53.5,74.5,3.5,34.25,26.0,7.5,6.0
27,2020-02-29,61.5,64.25,59.0,66.0,70.25,46.75,85.5,88.0,15.75,73.5,68.0,64.75,71.0,40.0,86.25,74.0,80.25,52.25,36.5,62.0,27.75,67.25,80.5,41.75,78.5,32.75,75.25,64.5,78.75,78.0,82.0,68.25,53.75,48.25,66.75,52.25,49.25,51.0,80.25,48.25,75.25,31.75,58.25,37.0,70.0,51.25,70.25,73.5,40.0,36.0,76.25,82.5,36.75,71.25,23.5,19.75,79.5,76.5,72.5,58.0,47.5,76.0,71.0,37.0,6.25,79.75,71.0,86.0,56.0,40.25,59.0,43.0,50.75,73.75,83.0,43.0,74.0,59.75,17.25,80.0,78.75,61.75,75.0,41.25,49.5,38.25,63.0,61.25,16.25,85.0,72.5,42.75,54.75,71.5,82.5,73.75,65.75,75.0,59.0,28.25,72.75,65.0,29.75,40.0,76.25,75.25,62.0,67.75,77.0,76.75,35.25,65.75,11.25,37.75,88.0,50.25,79.0,65.75,46.25,66.25,67.5,74.0,15.75,38.75,77.75,77.5,72.25,70.75,74.25,59.5,60.5,69.25,73.75,30.25,28.25,87.0,62.5,56.5,73.5,64.25,36.25,64.5,40.25,40.0,65.25,53.5,54.0,64.0,59.5,68.75,80.75,61.5,34.0,77.0,51.75,50.25,54.0,48.5,15.75,47.75,30.25,51.0,62.75,25.5,64.0,66.0,22.25,63.25,75.5,7.0,41.75,77.5,40.5,67.75,62.5,63.25,70.0,81.25,5.25,56.75,74.5,17.75,79.0,83.75,74.5,32.25,36.5,64.75,61.0,34.75,32.5,73.0,73.25,6.25,66.0,49.75,69.5,54.75,39.25,39.25,39.25,72.0,72.25,67.0,79.25,33.75,61.5,67.75,52.0,62.0,23.0,5.75,67.25,50.75,54.5,38.75,68.75,34.25,64.75,70.5,30.5,30.0,19.75,24.0,52.25,0.0,76.5,77.5,76.25,37.25,53.75,65.5,82.75,10.0,0.0,63.25,74.0,74.75,0.0,78.5,50.25,46.5,52.0,78.25,3.75,36.0,32.5,17.25,12.75
28,2020-03-31,49.0,46.6,42.8,57.0,60.8,32.6,60.0,67.2,12.8,52.4,53.8,49.6,50.8,30.6,69.8,66.0,66.2,48.2,37.6,47.2,31.2,54.2,61.6,38.0,63.0,7.6,58.4,54.4,59.4,70.0,57.0,55.6,46.6,29.8,49.8,40.4,43.6,47.4,63.2,45.0,61.8,23.4,47.6,29.2,58.2,41.6,53.6,60.6,3.8,31.0,64.8,69.2,33.2,50.8,24.6,17.4,69.6,65.0,62.2,51.4,40.6,64.0,62.8,33.8,10.4,59.2,52.4,69.4,48.0,41.2,48.8,47.8,36.2,52.4,61.0,36.4,58.6,50.0,10.0,64.2,58.2,48.0,62.6,35.8,42.8,34.8,42.4,56.4,7.0,63.2,61.6,48.0,48.2,57.6,60.2,58.8,51.6,58.8,48.4,27.4,59.4,51.0,25.8,29.0,57.4,52.4,45.4,52.8,62.0,59.8,30.0,52.6,8.4,32.2,61.6,36.8,62.4,49.4,30.0,51.4,66.4,68.4,13.6,35.8,58.8,58.4,57.0,58.2,57.6,50.2,47.6,38.6,56.6,26.8,25.0,68.6,48.6,44.8,53.6,45.4,30.2,57.6,29.0,37.2,53.6,41.8,43.4,46.0,41.0,58.4,50.4,45.4,30.8,63.2,40.0,40.4,39.8,42.4,10.4,39.4,17.4,42.2,51.6,39.8,58.4,54.8,26.6,55.4,60.0,0.0,75.4,67.8,31.6,53.4,50.0,49.6,58.2,61.0,0.0,49.4,50.6,9.4,69.6,67.0,55.6,37.4,34.8,52.4,58.2,33.0,24.0,58.6,62.4,29.6,60.0,39.4,58.2,44.4,35.8,33.8,35.6,55.4,56.0,55.4,59.2,30.8,40.8,53.6,40.2,52.4,10.8,3.6,53.2,38.2,46.0,34.8,46.4,27.2,43.8,59.0,24.8,20.0,18.6,25.4,46.6,0.0,57.2,63.4,63.8,37.0,45.6,46.4,56.0,8.6,0.0,42.4,59.2,48.2,9.6,57.4,34.4,16.6,44.0,65.2,9.6,38.6,28.2,15.2,2.4
29,2020-04-30,41.5,41.25,36.75,58.25,59.5,27.5,53.25,68.5,18.75,48.5,54.5,54.75,43.25,24.5,60.25,67.5,55.25,46.75,0.0,51.25,36.0,48.0,61.25,0.0,63.0,9.75,54.0,54.75,60.0,72.5,55.25,60.0,24.25,36.5,58.75,41.25,44.25,36.5,59.5,33.5,57.75,29.75,38.0,45.25,47.5,31.75,54.75,48.5,30.25,0.0,58.25,68.75,25.0,50.75,13.5,0.0,64.0,65.0,55.75,51.75,41.0,71.25,63.25,0.0,0.0,53.75,53.5,75.75,49.75,0.0,47.75,43.25,36.25,50.0,56.0,53.75,55.75,55.0,10.5,59.75,51.5,41.75,59.5,39.75,46.75,0.0,31.0,73.75,0.0,51.5,56.75,54.25,52.75,64.75,54.75,53.5,45.75,57.75,39.75,22.5,56.25,47.0,0.0,21.25,48.5,46.25,45.75,60.5,56.0,55.5,26.25,47.25,5.5,0.0,56.0,38.5,62.5,33.0,24.0,50.25,64.75,69.25,12.25,0.0,62.25,54.25,52.5,55.0,55.25,62.0,44.75,37.25,44.0,0.0,0.0,64.75,47.0,32.5,44.25,40.0,0.0,54.5,27.5,0.0,51.75,39.75,39.0,40.0,33.75,47.75,33.25,38.5,0.0,68.0,36.0,35.0,41.5,33.75,16.75,36.75,14.5,37.75,49.0,35.5,57.25,49.0,18.5,52.25,58.0,0.0,50.5,59.75,0.0,53.75,44.25,45.75,58.75,56.25,0.0,38.25,43.0,8.5,60.25,70.75,48.25,21.0,0.0,43.0,53.25,0.0,23.25,52.75,69.0,14.0,62.75,40.0,57.25,40.0,0.0,0.0,0.0,53.75,48.25,40.5,62.5,0.0,33.75,51.25,36.75,44.25,30.75,15.25,47.5,30.75,33.5,22.5,42.0,0.0,37.25,64.5,27.0,17.0,15.0,20.0,35.0,0.0,57.5,74.5,62.25,0.0,43.25,37.75,49.5,34.25,0.0,41.5,53.5,28.5,0.0,49.75,40.0,23.25,42.5,77.25,7.75,28.25,30.5,5.75,4.0
30,2020-05-31,57.6,59.0,54.2,65.8,71.4,43.4,71.2,85.6,4.8,69.4,63.2,54.0,57.8,37.0,75.2,68.8,65.2,54.6,28.8,51.2,38.0,62.6,70.8,29.0,76.8,7.8,66.6,61.4,78.6,79.8,66.2,74.8,40.4,35.0,63.6,46.0,51.0,46.0,72.4,49.6,66.0,23.8,49.0,31.4,65.8,39.8,66.6,62.8,7.4,19.4,71.8,80.2,36.0,49.6,18.4,14.2,68.0,74.2,65.0,62.0,45.8,78.2,72.6,27.4,4.4,68.8,63.0,84.4,48.6,33.0,52.2,39.4,45.6,66.4,69.4,42.8,72.6,66.0,5.8,74.2,64.4,52.8,73.0,39.8,51.8,26.4,55.8,66.8,7.6,68.0,68.2,41.2,61.8,76.0,71.6,70.2,63.6,74.2,60.2,23.8,70.8,58.2,21.6,30.8,68.0,69.6,58.0,67.2,67.6,70.8,33.6,61.8,7.4,25.8,72.4,50.0,75.8,54.6,36.8,64.8,75.6,81.8,11.4,28.0,79.8,81.8,73.4,83.4,76.2,84.4,39.2,53.0,56.2,22.4,21.4,81.6,57.4,48.2,63.2,53.2,25.2,62.0,36.6,26.2,68.0,52.2,45.6,57.6,41.2,70.4,50.8,53.4,23.2,78.0,56.0,48.8,55.4,40.4,27.8,48.2,18.2,50.8,58.6,59.6,63.8,59.0,17.0,64.2,74.2,0.0,46.6,73.6,26.2,68.0,57.2,58.6,68.4,73.0,7.6,52.2,61.2,3.8,73.8,83.6,66.6,31.6,28.6,57.8,49.6,25.0,29.8,62.2,82.2,8.2,71.2,39.4,69.2,48.4,28.6,26.4,27.0,62.2,65.0,59.8,78.8,22.4,53.6,63.2,47.6,57.6,4.8,11.0,59.2,42.6,46.6,36.2,67.8,24.4,63.6,80.6,34.0,48.2,15.4,18.4,35.2,0.0,76.2,91.2,70.8,28.4,53.4,54.4,63.2,9.6,0.0,47.2,56.0,50.6,11.8,68.8,34.6,25.0,41.4,88.8,3.0,43.0,47.6,21.8,5.4
31,2020-06-30,67.0,75.5,66.75,74.0,83.25,54.0,86.0,92.75,26.75,85.75,67.0,62.25,75.0,41.75,86.0,79.25,83.0,63.0,36.5,60.5,49.0,71.25,77.75,41.25,78.75,25.0,81.25,66.75,88.0,84.0,78.5,81.75,37.25,44.5,70.75,56.75,54.75,59.5,84.25,53.25,76.25,36.75,55.5,37.5,67.5,46.0,76.75,82.0,14.75,27.0,79.5,91.5,36.0,68.5,21.5,21.5,70.0,82.0,73.0,68.5,53.25,81.0,78.0,41.0,6.25,80.0,74.25,90.5,52.75,43.75,72.25,52.75,59.5,79.0,82.75,41.5,85.25,82.75,14.0,84.75,80.5,65.5,86.25,47.75,53.0,37.5,60.5,72.25,0.0,85.5,80.25,66.25,65.75,89.75,82.0,83.25,80.0,82.25,75.0,26.75,84.0,76.75,33.0,37.5,85.75,82.75,68.25,71.5,73.0,83.25,40.5,73.75,9.75,41.75,79.5,62.5,93.25,54.5,46.5,77.0,88.25,94.75,16.75,41.75,87.75,96.75,78.75,90.25,87.25,94.5,38.75,59.5,72.0,32.5,30.75,96.5,67.75,65.5,84.5,67.75,40.0,69.5,47.25,41.0,71.0,65.75,55.5,71.25,49.5,71.5,66.5,61.0,35.0,81.5,72.25,60.75,70.75,51.25,19.25,66.0,31.25,63.5,64.0,42.75,78.75,72.75,16.75,66.75,83.5,0.0,50.75,87.25,40.5,75.5,71.75,72.5,77.0,87.5,18.5,61.0,83.25,6.0,92.75,95.0,76.5,39.25,41.75,63.5,65.25,35.25,28.75,72.0,89.25,14.25,76.0,42.0,75.75,63.0,41.75,42.75,43.0,70.75,77.25,66.0,93.0,33.75,74.25,71.25,53.0,61.5,0.0,17.0,71.25,52.5,56.5,41.5,77.0,41.25,72.25,85.25,36.25,45.0,17.0,19.5,34.0,0.0,85.0,94.0,91.25,46.0,65.25,72.5,78.75,6.25,0.0,49.0,63.25,70.0,8.0,82.5,31.25,21.25,52.25,89.75,3.0,20.25,79.75,6.25,22.0
32,2020-07-31,59.75,74.0,65.25,74.25,76.0,55.75,88.25,95.75,10.75,82.75,73.75,60.75,67.75,44.25,82.75,77.75,83.25,62.25,57.0,54.5,41.0,70.0,77.75,60.25,81.75,8.5,76.0,65.25,86.75,85.25,78.25,82.25,36.0,38.0,68.75,59.75,54.5,54.75,75.25,38.25,73.5,22.0,58.75,43.75,74.5,48.25,79.0,82.75,11.5,31.5,78.5,88.0,33.25,66.75,31.75,31.5,70.0,79.5,69.25,66.0,51.5,82.25,76.25,66.25,0.0,79.5,72.5,87.75,52.25,68.0,78.5,60.75,62.75,78.5,86.75,45.75,84.25,73.5,0.0,87.0,82.25,60.25,86.25,48.5,52.5,56.75,59.5,73.0,0.0,80.0,80.0,65.5,65.0,86.0,83.75,86.0,78.0,84.25,72.75,29.25,83.0,77.25,50.5,38.25,83.5,87.25,64.75,72.75,78.0,79.5,39.5,72.25,8.5,61.75,84.0,61.5,94.75,73.25,49.75,75.25,80.5,94.5,7.75,59.75,87.0,94.0,79.25,91.25,92.0,91.0,48.25,48.0,74.0,48.25,46.5,93.0,67.0,55.5,80.0,67.0,56.0,66.5,45.0,68.75,70.25,60.75,59.5,71.0,52.75,75.0,76.5,64.0,52.75,84.5,69.5,67.0,70.5,47.25,5.5,60.75,42.75,56.5,63.0,44.75,76.5,71.25,22.25,62.5,87.0,14.0,54.0,84.0,67.5,74.25,68.75,69.25,75.0,83.75,8.5,54.0,80.25,21.75,89.5,90.0,78.5,21.75,58.75,73.75,60.0,52.0,31.75,82.0,86.25,23.0,77.25,59.75,75.5,59.0,55.0,65.25,65.75,72.5,78.5,65.0,93.5,51.0,59.5,72.75,53.75,57.25,6.75,12.25,68.0,52.0,61.5,45.75,79.0,57.25,74.25,84.5,35.75,51.5,17.25,20.25,35.0,0.0,78.75,91.75,87.5,65.25,62.0,75.75,87.25,0.0,0.0,49.75,61.5,61.5,9.0,86.25,42.75,18.0,49.0,94.0,2.25,30.5,54.0,11.25,0.0
33,2020-08-31,63.6,70.6,64.6,64.6,70.6,53.2,84.8,89.8,21.4,81.6,61.4,59.6,62.6,45.6,80.8,70.6,74.0,60.4,13.2,55.6,37.4,69.2,79.6,14.0,75.0,4.0,71.4,64.2,83.0,79.6,72.2,70.2,33.0,26.0,63.8,48.8,51.2,51.6,76.6,56.8,71.0,28.4,57.4,32.2,69.6,46.6,77.8,78.6,4.0,12.8,71.2,79.2,32.6,55.4,10.4,8.2,71.0,75.4,68.4,62.8,48.2,76.2,71.8,14.0,0.0,68.4,67.0,84.0,48.2,16.6,62.6,61.0,61.0,75.4,82.2,42.2,76.4,69.8,4.2,80.2,75.0,61.2,81.4,41.6,51.6,12.6,56.2,76.2,0.0,77.2,72.0,50.0,62.2,79.2,77.2,77.4,69.0,77.0,73.6,39.4,78.0,73.6,11.2,39.0,78.4,78.2,66.0,70.8,73.4,74.4,38.8,69.0,11.0,15.2,78.6,60.2,84.8,57.4,43.6,69.6,75.4,79.6,13.2,10.4,80.8,86.2,72.8,72.4,84.8,76.0,52.2,52.8,58.8,11.8,10.2,86.8,65.0,55.0,72.2,61.6,13.4,59.0,42.2,16.2,66.4,60.6,51.8,67.2,50.0,66.0,70.0,62.2,12.0,79.6,68.0,56.2,68.8,47.0,13.6,61.2,29.8,59.8,58.6,37.2,66.0,69.2,26.6,58.0,82.0,0.0,49.4,79.6,15.4,67.6,66.0,67.4,68.6,79.2,0.0,52.6,73.2,10.6,84.0,83.2,74.6,46.2,14.2,65.6,56.4,11.0,26.6,69.2,81.0,20.6,77.8,45.8,67.4,49.6,14.4,15.4,15.2,71.4,78.6,72.6,86.8,11.8,54.6,69.2,51.0,61.6,10.8,0.0,70.0,50.6,54.0,39.4,73.6,14.2,68.4,78.8,34.2,47.0,17.4,20.4,35.6,0.0,69.8,82.2,82.2,15.0,58.8,73.0,83.2,19.4,0.0,43.2,57.4,57.8,2.6,79.8,39.8,26.0,45.4,84.0,2.2,39.0,52.8,21.4,19.6
34,2020-09-30,65.75,64.0,57.75,59.25,65.25,51.25,73.5,79.75,17.75,74.5,56.75,56.25,59.25,41.25,76.25,67.5,67.25,48.25,47.25,47.75,35.0,56.25,65.5,53.25,77.0,0.0,67.0,59.5,70.0,73.25,65.75,63.75,48.25,52.5,41.5,54.75,49.5,41.25,71.5,55.75,70.25,41.75,50.75,33.75,60.5,44.5,74.0,72.5,15.5,44.75,68.0,76.25,27.25,51.5,22.25,35.25,67.0,67.75,59.0,57.25,43.25,73.0,67.75,50.5,0.0,65.0,62.0,78.25,47.0,58.75,61.5,59.5,56.25,66.75,69.75,38.75,70.0,63.5,25.5,71.75,66.75,45.0,75.25,40.0,47.25,47.0,55.75,67.0,0.0,66.5,62.75,45.0,58.0,76.75,73.75,76.5,67.75,70.75,65.25,38.5,69.75,59.75,42.5,34.75,69.0,71.0,60.25,64.5,66.0,68.0,42.75,60.0,10.5,52.25,69.5,57.0,77.25,59.75,46.25,56.0,69.5,77.0,7.75,52.5,71.75,75.75,63.75,67.0,70.25,67.0,40.5,28.25,58.75,42.25,37.75,79.5,55.25,49.75,61.25,60.5,49.75,53.75,39.25,55.75,63.25,57.5,50.0,65.25,43.75,63.5,58.5,58.75,43.5,71.5,59.0,55.25,59.5,43.5,30.0,54.5,26.25,44.25,49.0,50.5,60.75,60.0,19.5,56.75,73.0,12.75,41.5,70.5,55.5,61.5,59.75,62.5,61.0,72.0,6.25,47.25,69.25,16.25,77.0,75.75,65.5,28.75,50.25,62.0,51.5,43.5,24.75,62.25,75.75,15.5,74.5,40.25,62.75,48.25,48.0,54.25,55.25,65.5,69.25,64.25,80.0,43.75,55.25,63.25,50.25,53.75,13.0,24.75,59.75,45.5,51.25,36.25,67.25,50.25,63.0,73.75,32.0,61.75,15.75,19.0,32.75,0.0,62.25,75.25,73.75,51.75,48.25,68.5,75.0,7.25,0.0,40.5,58.5,56.25,18.5,72.25,28.5,30.25,53.5,75.25,2.0,29.25,37.25,4.0,5.75
35,2020-10-31,65.25,72.5,60.5,60.75,71.25,51.0,78.75,76.75,11.0,72.5,58.75,54.75,63.25,40.75,83.0,73.0,70.5,50.0,34.0,51.75,41.0,57.25,76.5,37.0,73.25,0.0,72.5,66.25,68.75,71.5,71.75,67.0,32.5,37.75,58.25,40.25,49.0,57.75,78.5,54.0,80.75,35.0,69.75,28.75,71.0,47.75,77.25,76.0,4.75,35.0,71.5,81.5,38.5,62.5,0.0,21.75,71.0,72.0,62.25,58.75,47.5,74.25,70.75,37.25,9.75,69.75,62.25,84.0,50.5,40.25,58.75,71.75,53.25,71.0,76.75,38.25,73.5,68.25,15.25,73.75,68.0,50.25,76.75,42.0,50.5,34.0,44.75,63.0,8.5,72.75,69.25,48.25,64.0,82.75,82.25,81.75,70.0,73.0,65.25,24.5,70.5,62.0,29.0,33.5,71.25,73.0,81.0,80.75,82.0,73.5,55.0,63.5,10.5,38.5,74.75,55.25,73.25,52.25,41.75,62.5,69.0,79.75,9.25,34.5,75.75,77.5,67.5,69.5,72.75,62.0,56.75,48.0,59.0,29.5,26.25,78.75,57.0,49.75,68.25,58.5,36.0,56.0,38.0,39.75,61.0,62.5,44.5,68.75,46.5,55.0,63.5,57.75,31.25,74.75,59.5,54.0,60.0,41.0,5.75,51.75,43.5,52.0,52.5,45.25,63.75,68.75,26.25,60.25,74.25,0.0,41.25,76.75,36.75,64.75,58.25,57.25,64.25,72.5,0.0,51.75,73.75,29.0,75.75,82.0,64.75,14.75,36.75,58.5,44.75,32.0,27.75,65.75,77.75,14.75,80.0,42.75,62.25,53.5,38.25,38.0,38.5,67.0,73.75,53.25,82.25,33.5,47.5,70.0,48.25,59.25,16.75,13.0,61.75,46.5,49.5,35.0,68.5,36.0,65.25,77.75,33.25,91.0,15.0,17.0,34.25,0.0,65.75,71.25,75.75,37.0,54.0,71.0,81.5,29.5,0.0,41.25,61.25,55.0,0.0,75.0,22.5,29.75,65.5,77.75,2.75,29.25,30.25,18.5,7.0
36,2020-11-30,56.0,59.8,54.0,52.4,60.6,45.8,73.2,71.2,11.6,68.6,58.6,51.0,59.4,42.2,73.2,63.0,69.8,52.0,51.8,41.8,28.8,53.0,71.4,53.4,69.2,12.8,66.4,53.8,63.0,65.8,59.4,61.2,19.4,21.8,41.6,52.6,46.4,68.4,71.2,33.6,73.8,36.2,62.4,28.0,70.0,47.4,73.2,70.4,16.2,49.4,66.0,69.8,25.4,46.4,28.8,30.4,70.2,67.0,51.6,50.8,44.6,66.0,63.0,56.4,17.4,60.2,58.6,76.4,40.8,57.2,54.4,37.2,46.8,64.2,69.4,38.8,65.6,59.2,14.4,66.0,62.6,45.2,67.2,38.8,46.6,48.6,54.2,51.6,23.6,68.4,60.2,33.2,58.4,74.8,71.6,70.8,61.2,67.4,61.2,22.0,66.8,55.6,41.2,32.8,65.6,64.6,63.4,61.0,62.6,59.8,35.6,59.2,8.6,56.4,65.4,51.8,66.8,50.0,35.6,66.6,64.4,71.6,12.2,52.2,66.4,72.0,60.8,64.4,61.4,56.6,43.0,40.8,57.8,43.4,41.0,69.6,54.6,39.2,57.0,55.8,49.4,53.6,35.6,58.4,49.6,59.6,53.2,62.6,43.4,53.6,54.8,50.8,45.0,66.0,59.2,45.6,58.0,40.0,13.6,50.8,25.2,44.2,46.2,46.6,55.8,56.4,18.2,48.6,65.0,13.0,37.4,69.6,57.2,58.2,55.2,56.0,55.8,64.0,5.2,43.6,78.8,0.0,65.8,73.6,59.2,21.0,52.0,47.8,42.2,42.0,25.2,58.0,69.4,32.2,74.2,38.4,55.4,52.6,52.2,56.4,52.8,63.8,65.2,60.4,72.8,47.6,44.4,59.6,44.8,54.0,0.0,3.6,53.6,43.8,51.6,43.6,61.2,51.8,64.2,75.0,31.6,77.0,15.8,17.6,33.4,0.0,57.4,59.0,69.8,53.0,44.6,65.0,71.4,0.0,0.0,34.2,55.8,47.4,0.0,62.8,25.2,28.2,71.4,69.2,3.0,18.0,28.2,5.6,3.2
37,2020-12-31,53.5,68.25,59.25,57.75,61.5,46.75,80.75,74.5,17.5,69.5,52.25,47.75,61.5,49.5,72.25,67.0,69.25,53.25,29.25,43.25,24.5,51.75,66.25,33.5,68.5,5.0,67.5,54.75,63.0,72.25,55.75,62.75,39.5,35.25,54.0,59.25,48.0,49.0,69.25,47.0,78.75,51.25,66.75,44.25,64.5,45.75,81.25,73.5,7.5,28.0,70.0,71.0,26.0,48.5,19.5,16.75,70.0,61.75,54.0,52.0,43.75,67.25,64.0,36.5,0.0,63.5,57.0,78.5,41.75,34.0,58.25,44.0,54.5,67.75,73.0,35.75,73.5,62.0,0.0,67.0,59.0,39.25,71.5,43.0,49.5,28.0,44.0,55.75,9.75,71.25,60.25,42.0,56.5,86.0,77.25,77.75,63.5,64.75,68.25,22.75,63.0,59.0,26.0,31.75,66.5,72.75,66.25,65.25,69.25,64.0,30.75,58.75,10.75,38.0,66.25,56.5,67.5,56.75,45.75,61.25,58.0,74.0,18.75,35.0,72.25,73.25,61.75,62.5,65.5,60.75,50.5,40.75,57.25,25.75,27.0,70.25,55.5,35.75,57.75,64.75,29.5,51.75,39.0,34.25,54.5,64.25,59.5,66.0,43.0,65.25,55.25,55.0,26.75,70.5,66.25,45.0,59.5,41.75,6.75,51.25,21.5,41.25,51.25,38.75,55.75,54.25,13.5,53.75,62.5,5.5,37.25,70.0,37.75,59.0,53.75,54.25,56.25,67.25,6.25,42.75,86.0,7.75,68.0,81.0,60.5,23.0,30.25,52.75,41.75,24.0,21.75,65.25,74.75,30.0,80.75,37.75,53.25,46.25,33.75,33.75,32.25,59.75,69.25,55.0,80.25,30.25,60.5,64.25,46.75,50.75,7.75,6.25,55.0,42.5,40.0,35.75,66.5,32.5,66.75,76.25,34.75,69.25,16.0,18.25,35.0,0.0,59.75,59.5,67.75,34.0,42.75,71.5,83.5,6.25,0.0,34.0,54.25,49.0,8.0,65.25,25.0,21.0,57.5,65.25,2.25,28.75,40.75,17.0,7.75
38,2021-01-31,59.4,73.4,56.6,58.0,67.8,48.4,78.0,76.8,8.0,69.8,61.8,50.6,62.4,49.2,69.8,68.4,71.8,44.2,24.4,48.0,30.6,58.8,68.4,28.4,73.2,16.8,68.6,54.4,70.2,76.0,71.8,70.4,36.8,36.4,48.8,63.0,49.4,59.6,68.2,55.4,82.2,39.8,63.2,40.0,51.6,44.0,77.4,59.8,22.0,22.6,70.8,74.8,31.0,52.8,2.8,14.2,70.6,70.4,59.8,56.4,46.2,69.8,68.8,31.2,0.0,71.2,58.4,82.6,40.8,27.4,62.8,56.8,52.0,69.4,72.2,40.4,72.8,68.2,5.0,68.2,63.8,47.0,74.0,40.4,54.4,24.8,50.4,60.2,8.4,77.4,67.0,49.6,61.6,82.4,78.6,79.8,65.8,73.2,70.0,29.0,68.2,59.0,21.8,35.0,70.8,74.8,76.2,62.4,73.2,64.4,37.6,62.4,10.8,35.4,70.8,55.0,68.2,54.6,40.4,66.0,65.6,74.8,3.2,30.4,80.0,77.8,65.0,66.4,69.0,59.0,40.0,55.6,60.6,22.6,24.0,73.2,57.8,51.4,62.6,73.0,27.4,52.6,40.6,30.8,60.4,87.6,54.4,66.4,41.2,68.8,58.8,56.6,24.4,70.8,66.2,61.2,68.2,42.2,9.0,59.4,29.2,51.0,50.8,39.8,60.0,54.8,18.0,51.4,66.4,5.0,48.0,74.0,30.8,71.2,59.4,60.8,60.2,71.6,0.0,48.2,85.6,9.6,69.0,81.6,62.6,16.4,26.6,64.4,47.4,23.6,26.6,62.0,80.0,28.8,81.6,41.0,63.0,48.4,29.4,27.2,27.6,64.0,69.0,66.2,82.0,24.2,58.8,65.8,46.4,46.6,0.0,17.8,57.0,47.0,46.4,43.2,66.6,26.8,88.0,80.8,34.2,64.8,18.6,18.0,33.6,0.0,66.4,72.6,68.6,27.8,48.2,67.8,76.0,10.0,0.0,47.0,66.8,49.2,0.0,73.6,39.0,23.4,51.6,82.6,5.0,29.2,31.2,13.6,0.0
39,2021-02-28,62.75,82.5,63.75,58.75,67.75,54.0,86.5,81.25,30.0,77.75,61.25,49.0,70.0,56.75,75.0,66.0,72.5,62.75,52.0,46.5,39.25,65.0,67.0,50.25,82.5,8.75,71.75,54.25,76.75,79.75,77.25,78.0,39.5,41.75,69.75,61.0,39.25,77.5,63.75,47.25,75.0,42.25,68.5,33.75,47.0,39.75,75.0,60.75,0.0,29.5,76.75,79.75,30.25,62.25,19.5,34.5,69.5,74.0,61.5,59.0,48.5,78.0,70.5,61.25,4.75,79.5,72.25,85.0,40.75,54.0,57.25,53.75,57.75,75.75,81.0,36.5,83.5,72.75,5.5,72.5,70.75,52.0,79.0,44.5,57.5,47.0,54.5,62.5,0.0,87.0,67.0,39.75,63.75,87.0,88.25,84.75,68.0,75.5,74.0,33.0,71.5,63.25,41.25,39.0,75.5,86.75,92.5,73.25,76.75,70.0,39.0,66.0,17.75,65.25,73.5,61.75,70.75,61.5,47.25,64.5,67.5,79.25,9.75,57.0,86.5,85.25,70.0,72.5,79.25,70.0,50.0,50.25,66.25,44.5,42.0,79.75,61.25,47.25,67.5,82.75,54.75,50.25,45.25,56.25,60.75,83.0,62.25,71.0,49.5,67.25,53.25,61.5,43.5,75.5,77.5,59.0,74.75,40.25,14.0,58.75,45.0,48.25,54.25,31.5,67.25,62.75,25.5,50.75,67.75,0.0,48.0,76.25,64.25,76.75,63.25,64.5,63.25,78.75,0.0,51.5,87.75,22.0,76.25,87.5,69.0,7.75,52.75,59.75,58.5,42.5,29.25,67.0,85.25,29.75,91.0,48.75,63.5,55.0,53.5,61.5,60.5,68.25,81.75,74.25,89.25,48.75,68.25,68.5,50.25,50.25,6.25,7.0,67.75,52.0,47.0,29.5,76.75,57.75,82.75,82.5,37.75,70.75,19.25,19.5,38.0,0.0,74.25,78.0,81.5,54.75,49.25,75.0,86.0,15.25,0.0,54.0,70.5,64.75,7.25,82.25,39.0,25.75,50.75,84.75,7.5,39.5,35.5,5.5,12.0
40,2021-03-31,73.0,89.25,67.0,74.75,80.0,60.0,90.75,86.25,20.5,86.0,63.5,60.5,79.5,93.25,92.0,81.75,87.5,63.25,38.25,57.25,46.75,69.5,78.5,42.5,90.5,16.75,81.75,71.25,87.25,86.5,85.25,92.25,31.5,54.0,68.75,73.75,51.5,75.0,70.75,50.25,95.25,61.25,73.25,46.0,58.0,47.5,81.25,76.5,13.75,22.25,86.5,94.25,38.0,75.75,31.5,25.75,69.5,87.5,77.5,69.25,56.25,86.25,80.5,48.75,0.0,88.25,78.25,94.5,50.0,39.75,62.0,63.25,67.25,82.5,86.0,43.5,88.25,74.0,0.0,83.0,84.0,63.75,87.0,50.75,62.25,38.5,71.75,74.5,6.75,96.25,77.5,53.5,71.5,89.75,91.5,92.5,76.25,88.5,82.5,29.25,84.0,72.5,32.75,42.75,88.75,93.5,90.5,71.0,81.0,81.75,43.75,76.5,14.5,46.25,86.25,71.25,83.0,66.0,47.5,68.5,76.25,90.75,24.25,40.5,93.5,97.0,76.5,79.25,85.0,78.0,60.25,62.5,83.5,35.75,24.0,92.25,75.0,63.75,79.25,92.0,43.25,62.75,51.0,42.75,68.75,85.25,61.75,82.0,50.5,88.0,74.0,67.5,36.25,85.0,82.75,75.0,84.5,48.75,34.5,74.5,33.75,65.25,65.25,50.75,79.75,67.5,25.75,55.75,83.0,0.0,44.75,86.25,48.75,75.75,69.25,69.5,75.0,86.5,32.25,58.75,94.75,19.25,88.75,90.5,83.0,33.5,41.0,76.25,65.5,37.75,37.0,79.0,99.0,26.75,86.75,43.0,76.25,61.75,42.0,44.75,44.25,76.0,90.75,75.0,93.5,39.75,80.0,83.25,57.0,60.0,0.0,23.5,77.75,56.25,56.25,38.75,84.25,44.75,89.75,87.0,37.0,79.5,17.75,18.75,42.5,0.0,89.25,75.5,83.5,43.75,54.75,76.0,90.0,24.25,0.0,68.5,69.5,87.0,0.0,93.0,54.5,35.25,51.0,86.25,7.25,35.25,50.0,23.25,0.0
41,2021-04-30,82.0,94.0,75.25,67.25,75.5,57.5,89.75,81.5,8.5,84.0,63.5,62.25,73.5,81.75,83.5,74.75,77.75,60.25,36.0,51.0,45.75,67.5,76.0,38.75,90.0,0.0,76.75,63.5,89.0,81.75,82.0,88.25,67.0,39.25,69.25,74.5,64.25,68.5,64.25,69.0,85.0,45.75,78.0,44.0,59.0,46.75,84.25,62.0,21.25,20.75,76.75,89.0,35.0,61.0,28.25,25.75,69.75,82.0,70.0,70.0,54.25,82.5,77.0,45.25,0.0,79.5,69.0,86.25,44.25,41.75,61.75,65.25,65.75,75.75,82.0,39.0,86.0,71.25,9.5,77.0,79.75,59.0,81.25,49.25,57.75,34.5,58.25,75.5,16.5,83.25,73.75,49.0,67.25,94.0,84.25,88.25,73.25,86.25,86.5,40.75,88.75,70.5,33.75,47.0,89.0,88.75,81.75,69.0,77.5,78.75,38.25,75.75,16.75,46.5,80.75,75.5,84.25,69.75,42.75,64.0,75.75,93.0,16.0,42.0,84.25,83.0,67.75,75.5,81.0,79.5,49.75,52.0,70.75,37.0,33.5,85.0,73.25,56.25,76.75,82.75,42.5,53.25,48.5,42.75,70.5,89.0,65.75,79.25,48.0,74.25,57.75,65.0,34.5,87.5,80.75,67.75,78.5,51.75,17.0,77.0,53.5,58.5,57.0,21.0,75.25,69.5,21.5,60.0,84.0,9.0,42.25,80.5,47.5,73.5,73.25,74.0,72.0,84.25,0.0,57.5,88.75,0.0,82.75,87.25,81.5,54.0,36.25,71.5,62.5,31.25,28.0,82.75,87.5,16.5,82.25,56.0,74.5,55.0,38.75,44.75,41.0,70.75,82.25,71.0,88.0,35.75,71.25,79.5,57.5,63.75,0.0,0.0,68.5,57.5,57.25,50.5,79.25,40.25,94.75,90.75,37.5,82.5,18.75,18.0,37.75,0.0,84.0,77.25,88.0,42.5,50.25,78.0,87.75,19.75,0.0,53.0,69.0,90.5,14.75,87.25,49.5,23.0,52.25,87.0,4.0,31.0,54.5,34.25,0.0
42,2021-05-31,82.8,90.0,74.8,70.4,73.2,60.6,92.2,80.2,6.4,84.4,60.2,55.0,70.0,79.6,82.2,72.8,76.0,51.6,29.8,53.0,35.2,69.6,75.4,29.4,79.0,20.0,76.6,62.4,82.4,83.8,71.8,83.4,44.8,35.8,70.4,61.6,55.2,70.8,70.0,64.8,88.4,51.4,74.2,44.4,52.2,47.8,81.0,66.0,5.2,13.6,77.6,84.6,30.6,60.6,35.6,19.8,75.6,74.4,61.4,64.8,53.0,72.6,76.6,35.0,0.0,75.6,68.8,81.4,43.0,33.8,76.2,51.0,64.0,75.6,81.8,43.4,81.8,73.6,15.6,78.4,71.8,50.6,82.2,48.0,56.2,26.4,56.8,76.4,0.0,81.6,67.6,56.6,64.6,83.6,84.0,85.4,75.4,84.8,88.0,41.2,86.2,68.2,26.0,51.2,86.0,87.8,78.8,66.0,70.0,82.0,38.6,76.2,22.2,35.4,83.0,87.2,84.2,58.2,44.4,65.8,70.2,89.0,11.4,31.6,79.6,82.6,66.2,73.4,81.2,79.4,53.6,58.6,68.4,30.8,22.2,83.2,74.4,56.6,73.6,81.4,33.0,56.8,47.2,37.6,64.0,87.2,57.8,74.4,48.0,72.6,70.8,62.2,25.6,80.0,82.6,58.2,77.0,52.4,28.2,82.6,44.0,71.2,53.4,43.6,64.2,61.0,45.0,58.4,84.4,0.0,40.8,81.2,38.8,70.2,73.6,74.8,69.2,81.8,6.4,51.8,89.8,12.4,85.2,88.0,81.6,23.2,28.4,73.2,53.4,24.6,27.0,74.2,82.8,15.6,81.0,54.2,67.6,51.4,28.4,34.6,33.2,70.6,80.4,75.8,87.2,29.2,84.4,78.6,57.0,57.6,0.0,0.0,66.2,60.4,63.8,53.6,80.0,33.0,87.0,85.6,38.2,81.6,20.8,18.0,39.8,0.0,80.8,78.0,91.4,35.2,48.4,80.4,85.6,11.4,0.0,44.0,62.8,95.2,3.8,81.6,41.0,24.4,60.2,82.4,9.2,35.0,44.8,31.4,7.2
43,2021-06-30,87.0,89.0,76.25,67.5,70.5,60.5,89.5,77.0,22.5,89.5,60.0,56.5,73.25,85.75,81.75,72.5,80.25,56.5,35.0,47.5,30.25,72.5,73.25,34.25,79.75,0.0,75.0,59.0,85.25,79.75,70.75,79.0,31.0,26.25,59.25,64.0,51.75,67.75,66.0,58.5,95.25,48.0,70.5,34.0,55.0,48.5,83.5,70.75,18.75,17.5,77.75,88.25,26.5,62.75,30.75,31.75,76.25,75.75,68.25,65.75,52.25,71.25,76.5,44.5,6.0,81.0,64.0,82.5,41.75,44.5,73.25,75.25,64.0,77.25,81.25,42.5,81.5,67.0,7.0,87.75,79.5,52.0,83.5,47.75,55.75,36.5,67.75,77.5,9.5,87.5,73.75,66.0,63.0,81.25,88.5,87.75,71.5,85.25,91.5,33.5,96.25,69.25,31.75,51.0,92.5,92.25,81.75,65.25,70.25,86.75,39.75,80.5,19.25,46.25,85.75,90.5,82.0,79.25,54.5,63.75,70.0,90.0,20.25,38.5,81.75,86.0,68.5,77.0,79.25,80.0,44.25,53.5,69.0,37.5,30.25,87.25,82.5,49.75,72.25,83.5,46.25,58.5,54.75,44.5,65.0,83.5,61.25,76.25,46.75,85.75,69.75,59.5,34.0,82.0,81.75,64.75,78.5,46.75,9.75,78.75,46.25,86.75,56.75,15.5,64.25,63.25,20.75,53.5,87.25,10.0,39.75,82.25,46.0,69.75,69.75,71.0,67.0,83.0,0.0,57.75,92.0,0.0,87.0,87.25,83.75,47.25,34.5,67.75,64.75,29.5,27.25,77.75,80.75,36.0,84.75,52.5,69.5,63.5,41.25,43.5,44.25,70.75,85.75,65.25,88.75,36.5,77.5,77.5,62.75,66.5,17.75,14.0,73.0,59.75,69.5,46.25,81.0,41.25,92.75,83.0,45.75,75.5,20.25,17.75,42.75,0.0,79.0,73.5,91.25,41.25,52.0,81.25,84.0,14.25,0.0,42.5,65.5,96.25,0.0,80.25,56.0,29.75,59.0,77.5,4.75,38.5,46.5,5.0,0.0
44,2021-07-31,84.0,88.75,73.0,74.25,72.0,61.25,91.0,74.5,14.25,86.0,64.75,56.25,72.25,74.5,83.25,71.25,76.75,50.75,53.75,51.5,24.25,77.75,76.25,52.0,77.25,9.75,75.0,61.5,84.5,81.0,64.25,79.0,42.0,31.75,53.5,57.0,50.5,74.0,62.0,46.25,90.25,70.5,71.75,44.5,59.5,44.75,83.25,66.5,4.5,37.5,78.75,88.5,31.75,53.25,33.25,35.75,81.75,74.75,64.5,65.75,51.75,71.0,78.25,65.0,0.0,81.25,70.0,79.0,41.75,66.25,67.5,59.25,62.5,75.75,80.25,44.25,83.0,67.75,10.5,87.0,78.25,55.0,84.75,50.25,53.0,51.0,58.25,81.25,0.0,86.0,69.5,58.25,61.5,82.25,84.0,86.5,71.5,86.0,91.25,35.75,94.0,67.75,48.25,49.25,92.25,93.5,75.75,64.0,75.0,86.25,39.5,81.75,21.0,66.5,85.75,85.25,85.5,68.0,52.25,66.75,69.5,84.25,13.25,62.0,97.25,88.0,70.25,76.25,80.25,77.0,39.5,53.0,67.5,57.25,37.0,86.0,84.5,51.5,70.25,82.75,62.75,55.75,53.0,60.0,63.5,87.0,51.25,78.75,45.75,73.0,63.25,62.75,49.5,78.5,81.75,61.5,81.25,47.75,28.25,86.25,34.25,71.75,55.0,33.0,74.25,59.25,18.5,57.25,83.75,0.0,39.75,81.75,69.75,72.0,73.5,73.75,64.25,83.25,10.25,60.25,90.75,8.5,86.25,85.75,80.75,36.25,53.5,74.75,55.0,45.5,26.5,72.75,77.5,30.0,84.25,53.25,67.75,58.0,59.5,65.5,63.5,74.0,86.0,69.0,89.5,56.0,80.75,78.75,57.25,68.25,11.5,11.5,70.0,60.0,58.25,51.5,80.5,60.75,92.5,85.25,39.75,79.0,20.5,17.5,42.0,0.0,79.25,72.25,85.25,62.25,48.75,79.75,83.5,28.0,0.0,43.5,69.25,87.5,0.0,77.75,54.75,31.75,64.75,81.0,5.0,25.25,43.25,8.5,5.25
45,2021-08-31,79.6,80.4,74.2,65.2,71.0,60.0,91.2,70.8,9.2,88.6,64.4,53.6,68.0,72.2,81.4,71.8,73.8,59.8,39.6,43.6,43.6,73.0,75.0,41.8,80.4,8.6,73.6,59.8,79.6,76.6,68.2,77.4,32.8,36.2,51.8,62.0,50.4,72.4,64.6,65.2,85.2,61.6,69.4,35.2,54.0,45.4,80.8,63.0,16.6,27.4,77.6,84.6,25.8,57.2,17.6,34.8,72.8,72.4,60.4,60.6,49.4,74.8,77.4,48.6,15.8,73.6,64.4,78.6,42.2,50.4,68.4,54.6,54.6,74.8,81.8,40.2,77.0,64.0,4.4,84.4,69.6,54.8,81.2,46.6,54.6,41.0,60.0,80.8,4.4,76.6,71.4,41.2,63.2,89.4,78.8,84.2,73.4,84.6,86.4,30.4,90.4,71.0,36.2,48.8,83.2,85.4,73.0,67.4,72.6,83.2,38.2,78.6,19.4,51.6,82.2,76.6,79.2,69.8,50.8,66.8,69.6,85.4,12.6,43.4,88.8,80.8,67.6,76.2,74.8,73.2,41.4,62.0,60.0,44.2,26.8,83.0,81.2,43.6,65.2,75.4,49.2,57.0,50.4,49.2,65.6,84.0,63.8,75.8,42.0,77.8,64.6,60.8,39.8,81.2,75.0,67.0,74.0,41.6,17.8,72.2,49.4,70.0,56.4,64.6,69.0,59.4,27.2,53.8,82.6,9.0,36.2,82.2,50.6,76.2,68.8,69.6,63.8,80.2,13.2,56.8,87.2,17.8,83.6,82.4,81.8,31.6,43.6,65.2,63.2,34.2,24.0,73.0,78.4,17.2,81.4,52.8,69.4,52.0,45.4,51.0,51.4,67.2,80.8,68.8,87.4,45.2,70.2,75.4,58.4,58.8,8.8,16.4,64.0,60.8,71.0,48.2,77.2,47.8,86.4,81.4,37.8,72.0,18.2,17.0,39.8,0.0,74.6,64.4,83.0,49.2,52.6,78.4,80.0,21.4,0.0,43.8,68.6,73.6,10.6,76.0,41.4,13.0,56.0,74.6,4.6,31.6,35.4,21.4,0.0
46,2021-09-30,68.75,82.0,73.75,62.0,66.25,53.75,82.0,68.25,23.25,87.25,59.25,49.0,60.25,61.75,75.25,64.25,71.0,44.0,14.75,39.0,36.25,65.25,72.5,17.75,78.75,24.25,73.25,53.25,72.0,73.25,75.75,73.0,56.25,14.25,45.25,64.5,47.25,64.0,61.5,56.75,82.75,45.5,62.25,35.25,54.75,39.5,78.25,63.0,15.75,8.75,73.0,79.5,32.25,52.5,29.5,12.0,72.25,72.75,54.25,55.5,46.25,68.75,74.0,19.0,5.0,68.5,63.75,74.0,35.25,22.75,69.25,54.5,50.75,69.75,75.5,36.25,75.5,61.75,11.25,80.75,67.5,41.5,74.0,43.0,53.5,15.5,39.25,73.0,20.0,70.0,62.5,45.0,65.5,78.25,71.0,80.5,66.25,81.75,87.25,33.75,82.5,65.0,13.75,49.25,74.25,80.5,71.0,61.0,65.5,78.75,43.0,71.75,16.25,19.0,79.75,76.75,74.5,63.75,51.0,61.0,62.25,82.5,13.0,19.75,84.25,79.0,61.5,70.75,71.25,64.75,45.0,67.25,53.5,17.0,10.0,75.0,70.75,46.0,57.0,74.0,18.25,56.75,45.5,21.5,66.0,78.0,63.0,75.5,47.25,65.75,60.0,60.75,17.0,77.5,70.75,61.5,69.0,39.75,37.5,75.25,38.5,73.0,48.5,47.75,62.75,70.25,22.0,47.75,78.5,0.0,36.0,77.5,19.0,77.75,67.5,69.0,60.5,71.25,0.0,47.5,77.5,27.0,78.0,83.5,71.25,21.5,15.75,62.5,48.25,12.5,24.75,72.0,75.75,7.5,78.75,48.75,63.5,52.25,18.5,18.75,19.0,67.25,74.25,67.0,82.75,18.25,68.75,73.25,58.5,52.75,23.5,5.5,62.5,55.5,65.5,45.5,73.25,18.75,80.25,80.25,57.75,69.0,17.75,17.75,38.25,0.0,70.25,63.5,79.25,19.0,44.0,78.75,77.5,10.75,0.0,40.25,69.75,70.5,8.0,74.0,36.75,27.25,56.25,73.25,4.0,25.75,36.0,23.0,0.0
47,2021-10-31,69.6,76.4,70.6,58.0,68.2,52.4,82.2,70.0,10.2,83.8,71.0,50.4,60.6,63.0,75.2,64.6,73.4,56.6,24.4,45.4,42.8,62.4,69.0,26.6,68.8,0.0,70.6,61.0,71.8,72.0,66.0,70.2,25.6,29.2,53.0,49.6,47.0,56.2,63.4,48.6,69.4,35.0,60.2,29.6,46.2,40.0,73.0,60.0,4.8,14.2,75.0,77.6,30.2,45.8,14.4,16.6,79.0,68.4,53.4,52.8,46.2,65.4,78.6,29.0,0.0,66.2,60.2,73.8,35.6,33.4,64.0,63.2,56.2,70.6,75.2,37.0,72.8,60.6,24.2,75.0,62.8,46.0,72.6,41.4,51.2,22.8,42.4,64.8,0.0,68.0,60.8,49.6,71.0,84.4,70.8,80.0,63.4,78.2,86.8,44.4,80.4,62.0,21.8,43.8,72.8,77.6,68.6,62.0,69.8,73.8,33.0,70.4,17.6,32.4,76.0,74.8,73.6,68.0,47.6,61.6,59.4,81.4,7.0,27.4,77.8,77.6,61.8,69.6,66.6,59.2,37.6,42.4,49.4,28.0,19.6,76.6,71.2,41.2,58.8,71.0,30.4,48.8,45.8,32.6,63.0,74.6,58.0,72.6,43.6,73.8,54.8,54.4,24.6,76.2,66.6,61.4,66.0,35.4,38.0,70.2,31.0,58.6,49.8,53.6,58.6,54.8,23.6,48.2,74.4,3.6,36.4,74.8,30.0,89.0,62.4,64.6,60.8,70.0,0.0,45.2,75.2,36.6,74.2,79.8,68.6,33.8,24.8,58.8,49.2,21.6,23.0,66.2,72.8,19.2,79.6,45.8,61.2,52.6,26.6,29.0,29.6,64.6,72.2,57.6,78.6,27.6,67.0,73.6,55.8,55.4,18.6,9.8,63.6,56.2,63.0,48.8,72.0,28.8,75.6,79.8,42.4,65.4,19.0,18.0,40.4,0.0,67.6,67.0,82.8,30.2,46.0,80.0,75.6,0.0,0.0,41.6,69.6,69.2,6.0,70.6,48.4,17.4,67.0,70.8,8.4,29.8,35.6,7.0,0.0
48,2021-11-30,77.25,76.75,68.25,59.0,61.75,52.0,79.0,68.25,0.0,85.25,70.0,52.75,58.5,60.5,77.75,63.25,73.0,51.5,63.75,40.75,47.5,59.0,66.0,68.25,67.5,0.0,69.75,53.25,66.25,72.25,60.0,65.25,17.5,47.0,59.25,55.0,43.5,45.0,55.75,54.75,66.75,30.25,52.0,37.5,49.0,36.5,71.25,59.0,16.75,40.0,74.25,71.25,26.5,48.25,25.0,53.75,76.5,65.25,53.5,53.75,45.75,66.0,72.5,71.25,15.75,65.25,62.25,72.75,37.75,83.75,60.25,51.75,53.75,69.0,75.5,38.0,69.75,62.0,7.25,71.25,64.25,39.5,72.0,40.75,56.5,59.0,66.0,60.5,8.75,63.75,60.0,56.0,61.0,79.25,68.0,79.25,63.5,76.25,82.25,28.0,78.75,60.5,51.5,42.75,73.0,75.5,67.0,61.75,69.0,74.0,36.75,70.5,21.25,77.5,74.75,74.0,72.0,53.5,43.5,57.75,60.5,77.0,10.75,71.0,75.25,77.25,61.0,68.25,63.25,55.0,38.75,40.25,56.0,72.5,50.25,77.5,68.0,43.25,57.0,74.0,75.75,49.5,45.0,79.25,59.0,72.5,54.25,73.0,44.0,68.25,51.0,56.5,59.0,69.25,66.75,60.25,69.75,39.25,4.5,61.25,23.0,58.25,47.75,42.75,54.5,53.75,31.5,37.5,74.75,15.5,33.75,75.0,70.5,81.5,61.75,63.25,56.0,66.75,9.25,44.75,73.75,10.75,74.0,71.25,69.0,46.75,61.0,64.25,39.5,51.5,20.75,62.25,74.0,39.25,81.5,50.0,57.5,52.5,68.5,72.75,71.75,66.5,72.0,53.5,77.0,63.25,53.5,70.25,54.0,57.75,10.0,5.25,65.0,55.25,61.0,44.5,74.75,76.25,72.75,76.25,41.25,65.25,19.5,19.5,38.25,0.0,62.75,53.75,76.75,74.0,44.75,71.0,69.25,18.25,0.0,39.25,69.0,64.75,12.25,65.25,25.5,15.5,66.75,66.25,6.5,15.0,36.5,6.0,25.0
49,2021-12-31,69.0,74.5,62.75,54.5,58.5,64.75,77.25,69.75,34.75,81.25,46.5,48.25,59.5,51.25,70.0,58.25,65.5,47.25,58.0,38.75,45.5,64.5,66.75,64.0,68.5,0.0,64.75,49.25,66.5,67.25,61.5,60.25,17.0,25.75,46.75,48.0,40.75,48.25,57.75,46.5,68.0,52.75,51.5,33.25,49.0,37.5,74.5,45.5,21.0,29.75,72.5,71.75,18.25,44.25,22.0,39.5,75.5,59.5,49.0,52.25,45.5,61.0,68.75,68.75,0.0,62.5,58.75,71.5,34.25,71.75,60.5,39.5,51.5,68.25,72.75,35.75,71.0,60.5,13.0,66.5,59.25,40.5,69.75,39.5,50.75,57.25,38.5,58.0,7.0,62.5,54.0,30.0,57.75,79.5,67.5,80.75,65.75,71.0,79.5,30.75,75.0,58.5,49.5,37.25,71.5,76.5,70.75,60.5,65.25,68.25,31.25,65.75,37.0,76.75,72.75,69.5,63.25,56.25,68.75,60.5,63.0,72.0,8.5,67.75,75.75,75.75,57.0,63.0,61.75,52.75,33.5,28.0,45.25,69.0,50.5,71.5,66.75,43.5,51.5,68.25,73.25,42.75,41.25,79.25,50.75,71.25,48.5,69.0,39.5,59.5,49.0,52.5,57.25,71.0,65.75,48.0,63.0,30.0,16.0,68.25,12.5,57.75,40.5,30.5,54.75,58.0,11.5,40.0,66.5,0.0,31.0,71.25,73.5,78.0,58.25,59.0,53.75,63.25,16.25,38.75,73.0,0.0,71.0,72.25,65.0,29.25,57.75,59.0,34.5,48.25,22.5,62.25,73.25,0.0,82.5,35.75,52.0,47.5,64.25,73.0,70.75,63.25,72.75,57.75,80.25,61.75,52.25,68.0,53.25,51.5,15.25,8.25,62.75,52.25,66.75,43.5,72.25,73.5,72.5,81.0,43.0,67.25,18.0,18.25,38.75,0.0,55.0,52.0,69.75,68.25,34.5,72.0,70.5,46.0,0.0,38.0,63.25,59.25,24.5,64.0,28.0,36.75,55.0,61.5,4.5,28.0,41.5,22.75,15.25
50,2022-01-31,65.4,77.0,65.6,58.4,60.4,56.6,85.0,73.8,5.0,93.2,56.2,45.6,65.0,44.6,75.6,66.0,78.0,36.4,60.2,37.2,28.8,56.2,65.0,65.2,70.2,13.2,66.6,51.2,74.8,81.8,65.2,63.8,25.4,47.4,64.0,50.0,43.2,41.6,54.8,60.4,69.2,43.0,52.6,42.0,42.6,39.6,75.6,57.0,29.4,29.6,74.2,75.0,21.8,43.8,34.4,59.0,81.4,67.8,53.8,53.4,45.4,66.0,71.2,72.6,8.2,67.4,58.0,72.0,30.8,77.4,66.4,55.6,51.8,72.2,80.2,38.0,77.6,63.2,20.6,69.4,60.8,42.4,74.2,41.8,55.0,58.6,48.0,62.8,18.2,67.8,61.2,54.8,61.0,90.2,75.6,83.4,70.0,76.6,80.4,31.6,81.0,66.2,54.4,41.0,76.4,82.6,71.0,63.0,64.2,71.2,39.0,74.6,44.4,84.2,76.4,86.2,69.4,58.6,57.6,62.8,61.6,77.8,10.8,67.8,82.0,86.8,60.2,67.4,71.0,59.2,29.6,48.4,50.6,77.0,39.4,72.8,71.6,53.0,53.0,76.4,75.8,47.2,45.4,76.0,53.6,77.6,68.6,71.4,39.8,60.4,50.4,55.0,59.4,69.6,79.6,57.2,74.6,41.4,16.8,68.4,22.4,50.8,45.8,34.0,61.0,55.6,25.4,47.8,72.4,21.8,43.6,77.6,75.8,72.4,58.8,58.8,56.2,68.2,14.4,42.8,80.0,10.0,73.8,76.6,72.6,18.6,62.0,57.8,49.0,49.4,25.2,64.4,73.2,13.0,84.8,54.6,59.8,60.2,68.2,84.6,76.6,68.0,79.6,62.4,88.4,64.6,61.0,73.4,63.8,54.0,0.0,18.6,66.4,55.4,53.8,31.0,81.2,83.0,78.6,83.2,42.8,70.0,23.4,24.6,40.4,0.0,59.8,67.6,71.4,74.0,40.8,79.6,72.4,32.2,0.0,39.4,67.8,58.8,7.6,76.2,34.2,31.8,54.6,72.0,4.4,21.8,52.8,38.6,9.8
51,2022-02-28,69.0,82.25,65.75,67.5,72.25,55.75,85.75,74.75,17.25,90.5,70.25,55.5,74.75,47.5,81.75,73.0,85.0,66.75,69.75,48.0,37.25,70.75,74.75,74.75,81.75,14.5,76.75,67.75,86.0,87.75,78.5,75.5,30.0,55.5,64.5,64.5,48.75,53.5,65.25,60.25,84.25,40.75,64.25,45.75,47.75,49.25,84.25,62.5,25.25,35.5,88.5,87.5,19.25,69.25,21.75,71.75,86.0,80.5,63.25,58.75,48.25,76.25,75.25,88.25,22.5,77.25,71.5,78.0,36.5,78.0,68.5,59.75,58.0,78.75,82.0,42.25,85.5,71.0,4.75,79.25,74.5,49.5,82.75,46.0,62.0,69.5,50.0,74.75,8.0,80.75,69.25,36.5,65.5,90.75,88.75,89.5,77.75,89.5,86.0,34.75,87.25,74.0,59.5,48.75,85.75,89.25,71.25,65.5,74.5,87.25,37.5,86.0,67.0,91.75,88.5,89.75,82.25,68.75,73.5,65.25,69.5,88.25,9.25,79.75,87.5,91.75,68.5,76.0,74.5,64.25,41.25,53.5,55.25,85.5,62.25,87.5,79.0,52.25,63.25,89.5,86.25,51.5,54.75,84.75,61.0,90.75,58.75,77.25,42.5,73.5,59.5,58.75,63.25,89.75,90.75,69.25,85.5,35.5,6.5,77.75,33.5,50.75,53.0,25.5,71.25,61.25,36.0,54.75,82.0,12.25,44.5,86.75,82.0,80.75,64.25,66.0,66.5,79.0,11.25,50.75,81.75,11.5,88.5,86.5,84.5,38.5,67.5,71.75,51.75,60.0,28.5,67.75,86.5,13.0,87.0,47.0,63.5,68.0,78.0,89.5,85.0,76.25,83.0,68.0,93.5,72.25,62.5,83.25,64.25,59.5,0.0,0.0,71.75,64.0,52.75,48.5,87.25,90.25,89.25,89.0,45.75,72.0,27.5,25.25,45.25,0.0,70.5,74.5,81.75,87.75,44.0,79.0,77.75,30.75,0.0,61.0,73.5,76.5,0.0,87.0,47.5,38.75,58.0,71.75,16.75,36.5,59.0,10.5,0.0
52,2022-03-31,75.75,84.75,60.25,65.0,74.75,50.5,81.5,70.0,15.25,94.5,60.75,55.0,73.25,53.25,90.25,83.25,88.5,55.0,70.75,53.0,42.25,63.75,75.0,76.0,83.75,0.0,78.5,69.0,84.75,89.0,74.0,75.0,47.5,60.75,63.0,60.5,50.75,59.5,75.75,75.5,84.0,42.0,62.25,33.5,53.0,66.5,77.0,64.25,12.75,55.25,85.5,94.0,33.25,59.25,24.25,70.5,96.25,78.25,66.0,59.75,49.75,77.75,82.5,78.75,0.0,77.5,64.25,79.25,41.0,89.0,69.75,69.25,63.5,80.25,81.75,39.75,79.5,68.75,14.75,86.75,75.0,48.25,84.75,47.0,57.25,70.25,74.75,74.5,0.0,80.0,68.75,52.75,63.25,79.25,87.25,85.25,73.25,94.25,87.0,43.5,96.25,72.5,68.75,77.5,90.5,87.5,69.75,60.5,71.25,90.25,35.5,93.25,83.25,94.0,92.75,95.25,82.5,71.75,74.75,66.25,66.0,91.75,16.25,82.75,85.5,93.5,66.75,77.0,77.25,68.25,47.0,45.5,53.5,91.5,53.75,90.5,89.75,52.0,64.0,91.75,95.75,61.5,84.25,85.25,62.5,88.75,64.75,76.25,40.0,78.25,59.75,57.25,63.75,85.25,95.5,68.0,89.75,41.75,16.25,75.25,31.25,61.5,57.5,46.5,72.5,70.75,20.25,57.0,87.0,10.0,44.5,86.0,76.5,77.75,63.5,64.25,68.75,80.5,21.25,56.5,85.5,17.25,93.25,80.25,93.25,42.5,65.75,80.75,63.75,63.5,28.5,77.25,85.25,13.5,79.25,60.75,66.0,63.75,89.75,86.5,87.25,77.75,87.25,70.25,86.0,77.5,73.75,94.0,82.25,66.5,6.25,10.75,75.75,86.75,69.75,47.25,94.25,93.0,93.0,83.75,38.75,74.75,30.75,26.5,48.0,0.0,69.0,78.75,90.75,93.5,48.25,84.75,75.5,10.0,0.0,56.5,75.25,79.75,13.25,78.75,20.0,45.0,59.25,75.25,41.75,37.5,44.75,18.0,16.0
53,2022-04-30,71.0,76.0,60.5,55.75,63.25,50.0,77.25,66.0,21.25,85.25,63.0,54.0,70.75,49.5,77.75,73.5,76.5,51.5,65.0,44.75,35.0,66.5,70.75,70.0,80.75,11.75,71.0,63.5,78.75,80.5,64.75,65.25,20.75,31.5,50.0,55.5,51.75,46.0,65.0,68.75,78.25,56.25,52.5,42.0,45.0,51.5,70.0,54.75,0.0,40.0,76.75,83.75,21.75,59.75,28.75,64.0,94.5,67.75,60.5,60.25,48.75,73.25,77.75,72.5,7.75,73.0,57.75,72.75,37.0,78.25,56.5,58.0,53.25,73.0,77.5,39.0,73.5,62.75,11.75,73.0,66.0,50.0,74.75,44.5,53.25,66.5,60.5,76.5,38.5,70.75,59.25,37.25,58.0,82.75,76.5,77.25,65.5,83.75,82.5,32.5,84.75,68.75,59.5,55.0,81.5,82.5,65.75,59.5,63.25,82.75,32.25,80.75,64.75,84.5,81.5,85.75,78.0,53.25,61.25,54.0,61.0,78.25,12.25,68.75,78.5,82.5,61.0,65.0,67.5,65.5,36.5,50.75,48.5,80.75,41.75,81.0,77.25,45.5,58.5,78.0,84.0,54.75,77.5,84.25,56.5,81.75,45.75,69.75,34.25,64.75,62.0,53.5,58.25,84.75,80.25,77.25,75.75,39.5,17.75,64.0,24.5,52.0,51.5,58.75,64.0,55.0,36.5,51.75,81.0,5.0,45.5,78.0,72.75,72.5,59.5,61.0,60.25,72.25,5.5,48.0,75.0,23.75,81.75,71.5,81.0,35.5,59.5,77.75,51.0,57.25,27.75,71.0,79.5,15.5,70.5,58.25,60.75,50.25,76.0,74.5,81.5,68.75,79.75,54.75,80.5,66.75,66.25,82.0,71.0,61.5,21.0,10.75,71.5,65.0,57.25,37.25,80.0,82.5,87.0,77.5,37.5,65.0,31.0,28.5,46.5,0.0,61.25,74.5,81.25,82.5,36.25,82.5,76.75,9.0,0.0,40.5,61.25,73.5,9.75,78.25,35.5,27.75,57.5,64.5,9.5,44.5,49.25,36.75,3.25
54,2022-05-31,64.6,73.0,55.2,57.8,65.0,47.4,74.8,63.6,11.4,84.0,57.4,53.8,69.8,49.2,81.2,71.2,84.0,54.2,62.0,49.6,22.4,67.0,68.8,68.4,78.2,5.6,65.2,58.8,80.0,80.6,69.0,64.0,35.6,36.4,57.8,50.6,50.4,47.6,58.6,72.6,75.4,52.0,52.6,31.4,46.2,51.2,70.8,58.2,0.0,46.6,76.0,82.6,22.8,52.0,30.4,75.4,88.2,72.0,53.0,56.6,45.8,68.0,70.6,71.2,0.0,73.6,58.2,66.8,37.0,82.0,61.4,59.2,58.6,76.4,83.4,39.6,72.6,61.0,11.6,75.0,68.0,40.8,80.2,45.0,52.2,63.8,57.0,77.2,0.0,72.8,61.2,43.6,56.4,74.4,74.6,78.2,63.8,83.2,77.4,32.0,84.2,65.4,59.8,55.8,83.2,81.8,64.8,52.6,63.8,83.0,30.2,82.6,58.2,87.0,81.2,84.2,78.4,60.2,57.8,57.6,60.2,77.0,17.8,66.8,75.4,83.0,59.6,70.4,66.4,66.2,38.2,45.4,44.8,86.4,50.6,80.4,81.4,48.8,58.4,80.0,87.2,49.4,77.2,84.0,54.2,85.2,59.2,71.8,42.4,68.0,54.8,54.2,58.4,83.0,80.4,64.2,74.8,40.8,20.2,64.4,43.8,44.8,50.6,61.8,69.2,57.6,41.6,51.0,79.0,8.4,38.8,77.4,71.2,68.6,58.2,58.6,59.2,71.6,9.2,46.0,80.2,17.6,82.2,72.0,78.6,37.0,61.8,72.0,52.4,54.6,25.6,69.8,70.4,17.0,68.8,49.2,60.0,60.4,73.6,76.2,76.8,64.0,79.0,56.6,78.8,66.0,61.6,81.8,65.8,65.0,0.0,16.4,67.4,66.8,60.2,43.8,80.8,85.2,88.2,75.4,35.6,69.2,34.0,29.0,44.0,0.0,59.0,74.0,77.4,84.6,42.8,80.6,75.2,18.8,0.0,38.0,69.4,76.2,0.0,75.4,55.2,30.4,60.4,62.0,19.2,34.6,45.8,20.8,19.4
55,2022-06-30,67.25,77.0,59.75,62.75,68.0,53.75,79.25,65.75,6.75,88.75,70.5,52.75,70.5,65.75,86.5,80.25,82.25,54.75,66.5,43.0,19.25,70.0,68.75,72.5,82.75,6.25,73.75,61.75,78.0,81.75,62.25,66.25,28.75,55.75,54.75,60.0,49.5,62.0,69.5,88.75,80.5,56.5,59.0,44.5,55.25,54.75,71.5,67.25,5.5,55.25,77.5,88.25,24.75,57.75,31.0,78.25,90.5,73.75,64.0,55.0,47.25,71.25,74.0,70.5,6.0,76.0,62.5,69.75,41.75,84.5,64.0,60.75,64.0,84.0,87.75,41.75,74.5,62.75,5.75,82.75,73.0,50.5,88.0,46.5,55.75,65.25,52.0,76.75,0.0,76.75,68.75,60.5,60.25,80.0,79.5,80.0,68.0,90.5,92.0,42.25,89.0,69.5,66.75,66.75,90.75,86.25,67.0,56.5,62.5,94.0,34.75,89.75,81.5,93.75,88.0,93.0,78.25,67.5,56.5,61.0,58.5,84.75,19.0,69.0,79.25,90.0,63.25,73.75,71.0,68.25,46.0,62.0,50.5,96.5,61.0,86.25,89.5,53.5,67.75,91.0,93.25,59.25,90.5,89.0,57.5,81.25,70.0,74.25,45.0,69.75,65.25,60.5,64.5,89.75,81.75,76.25,76.75,41.0,24.25,60.25,40.5,51.25,53.0,49.5,66.75,61.75,27.25,55.25,87.5,0.0,43.25,87.0,80.25,71.5,64.75,66.5,65.25,77.5,8.5,48.0,83.5,0.0,89.0,73.5,84.75,37.25,68.25,82.75,53.0,56.75,27.5,74.75,72.0,38.5,69.25,49.5,60.25,62.25,78.5,83.75,83.75,69.25,83.75,66.75,79.25,72.0,68.5,88.0,68.25,67.0,0.0,17.25,74.5,79.0,80.5,59.75,87.75,87.5,95.25,76.0,38.25,75.0,34.25,28.0,46.5,0.0,61.0,69.75,86.25,88.5,45.0,82.5,72.75,17.0,0.0,40.25,74.5,80.5,3.75,76.75,42.25,40.75,66.25,65.5,26.75,49.75,43.0,33.0,9.0
56,2022-07-31,66.6,77.0,62.4,59.4,64.8,54.2,83.0,67.4,8.8,89.6,67.8,54.6,70.4,53.8,80.2,71.6,78.2,60.8,66.2,44.8,42.2,69.0,71.4,73.8,83.0,10.4,74.0,60.2,77.6,80.6,66.8,64.2,29.8,43.0,56.8,59.0,55.2,77.8,67.8,63.6,80.8,30.4,60.4,42.6,54.2,54.2,73.2,62.4,19.8,48.4,77.6,83.8,30.2,56.0,36.8,74.0,94.0,73.0,61.8,57.4,48.8,70.8,74.6,74.4,4.0,76.2,58.0,70.4,37.2,85.2,71.4,63.0,59.2,83.4,85.4,40.6,76.6,63.0,0.0,79.2,72.8,45.8,85.6,45.8,53.4,69.6,75.0,76.8,6.8,74.6,62.4,50.4,59.2,81.2,78.8,81.0,71.0,84.6,92.0,33.2,90.0,70.4,73.6,58.2,89.4,86.2,70.6,58.0,64.8,92.6,33.0,92.6,66.8,90.2,88.0,92.2,82.4,72.6,57.0,55.8,60.0,84.4,14.4,68.4,79.2,87.6,64.2,74.6,69.4,68.4,33.0,54.0,55.0,88.6,51.8,88.0,84.6,58.8,66.2,90.4,95.0,58.2,94.0,88.2,60.4,83.8,57.6,70.6,41.6,84.2,65.0,61.2,64.0,82.6,85.2,71.0,79.4,42.8,33.4,66.2,46.4,48.8,51.0,67.4,70.2,67.2,26.8,50.4,83.6,15.6,42.0,83.8,77.0,72.6,64.0,65.2,62.8,75.8,10.2,46.4,84.6,26.6,86.2,72.8,86.2,44.2,65.2,82.4,59.8,56.4,25.0,73.8,74.8,14.0,71.2,60.8,64.2,61.8,73.4,82.6,84.0,69.4,86.4,64.4,82.8,73.0,60.4,84.8,66.4,77.4,8.8,32.6,71.4,70.0,65.2,50.6,81.2,84.8,93.8,79.0,38.8,71.8,54.0,34.6,44.6,0.0,61.0,74.8,86.0,86.0,45.4,85.6,78.0,9.4,0.0,38.8,71.2,78.8,5.0,78.2,24.6,45.4,61.4,70.2,13.8,39.8,42.0,13.6,2.8
57,2022-08-31,63.0,80.0,62.5,57.5,64.5,56.75,84.0,69.25,22.5,93.75,68.0,52.5,67.5,51.75,80.25,77.75,81.75,70.0,66.5,44.75,28.5,68.75,69.75,69.25,78.0,15.75,76.5,61.75,79.5,84.0,68.0,64.5,17.0,19.75,56.25,60.25,52.5,68.0,67.75,71.75,78.25,36.0,57.25,54.75,48.25,54.5,76.0,62.0,4.5,69.25,75.5,85.5,22.75,65.25,13.25,77.75,88.75,72.75,62.25,76.0,65.5,74.0,74.5,77.75,5.75,73.5,59.5,73.25,36.25,79.0,60.0,64.25,58.5,80.5,89.5,47.75,75.25,62.25,0.0,76.5,69.5,48.5,81.25,45.75,53.75,65.75,51.75,79.0,0.0,71.5,62.5,48.0,63.25,85.25,81.25,83.5,75.0,83.0,88.25,32.0,85.25,67.25,63.25,44.75,87.5,87.0,70.75,59.5,68.5,84.75,35.25,89.0,57.25,90.25,84.0,90.75,74.75,73.5,62.25,61.25,60.0,81.0,16.5,69.25,79.25,88.75,62.75,73.0,73.0,63.75,36.5,36.75,50.5,88.5,54.0,85.75,82.75,58.25,62.0,92.25,96.0,54.0,88.5,91.25,57.5,88.75,62.5,78.0,43.75,79.75,61.75,62.5,63.75,82.5,85.5,73.25,81.0,42.25,22.5,71.0,60.0,59.75,53.5,46.0,67.75,65.0,27.0,52.75,85.5,9.25,37.5,80.5,78.25,72.25,65.5,66.5,58.25,72.25,42.0,48.25,78.75,25.0,85.25,74.0,83.75,45.75,65.25,69.75,54.25,55.5,25.75,79.25,79.0,10.25,75.0,53.25,60.25,65.0,79.75,85.0,82.5,68.5,85.25,64.25,81.75,72.0,68.0,82.25,63.0,58.75,16.25,16.75,72.25,63.5,59.75,40.5,83.75,78.25,92.5,79.0,36.75,67.25,33.0,30.75,44.0,0.0,61.75,78.5,83.75,83.5,42.25,88.25,83.25,45.5,0.0,44.0,77.25,73.5,12.75,79.75,38.75,31.5,58.0,62.75,9.25,38.75,36.75,24.5,14.5
58,2022-09-30,55.75,74.25,57.0,57.75,59.75,49.25,80.25,63.25,0.0,87.0,63.25,52.75,62.5,51.75,76.75,71.5,75.5,51.25,58.75,43.25,30.75,56.5,61.25,62.5,72.0,17.25,70.75,53.0,70.25,77.75,61.75,57.25,24.0,27.75,49.25,41.25,46.5,56.75,57.5,68.75,73.75,27.0,54.25,35.0,43.75,47.0,70.0,54.75,16.25,38.75,71.0,84.25,28.75,55.5,23.5,71.0,82.0,66.75,54.75,57.0,45.75,68.5,66.25,68.0,0.0,67.0,58.75,69.0,32.75,74.75,59.75,61.25,51.25,74.0,77.5,39.0,69.5,59.0,21.75,68.75,70.75,42.25,72.75,48.5,48.75,62.0,58.0,70.5,8.25,67.0,59.5,34.0,59.75,79.25,78.0,77.25,64.5,75.25,87.0,29.75,79.0,65.0,52.75,40.25,79.75,84.0,67.5,57.0,61.0,80.25,31.5,80.75,42.0,79.5,77.0,78.75,70.25,66.5,57.75,54.0,56.0,76.5,5.25,61.25,74.25,82.25,59.0,69.25,61.0,56.25,43.5,49.75,48.5,80.0,37.5,76.25,74.25,43.75,55.75,76.75,87.75,46.5,76.75,79.25,52.5,87.0,42.25,70.5,40.5,70.5,66.5,54.25,58.75,77.5,82.75,67.0,73.25,36.75,18.25,54.75,20.5,55.5,47.0,48.5,62.5,54.25,26.75,48.5,71.75,17.75,37.75,73.5,73.25,64.0,60.5,61.25,54.5,68.5,0.0,44.25,76.0,15.25,77.25,70.75,76.5,41.75,60.5,68.25,47.5,51.5,23.75,70.0,75.25,0.0,74.25,51.75,56.5,48.75,68.5,77.25,77.25,65.0,77.75,51.75,76.0,63.5,56.0,73.75,60.75,63.75,0.0,16.75,66.25,58.0,57.75,43.5,72.25,74.0,84.0,74.25,34.75,63.75,32.5,53.75,43.0,0.0,54.75,72.5,76.0,74.5,38.5,74.25,74.0,31.75,0.0,37.25,65.5,64.25,15.5,73.0,34.25,39.5,56.0,54.75,8.25,40.75,33.0,13.25,0.0
59,2022-10-31,56.4,75.4,55.0,52.6,61.0,49.4,76.0,63.4,7.6,84.0,57.2,49.0,60.2,45.2,77.2,68.4,77.8,48.4,59.2,41.0,30.4,56.2,64.2,62.8,71.8,15.2,68.8,55.0,69.6,76.0,61.6,54.8,5.8,26.8,48.4,54.4,42.6,54.4,58.6,64.4,71.2,31.8,52.2,35.0,43.2,46.8,69.4,76.4,5.4,37.4,71.6,77.4,24.4,52.6,25.6,66.2,81.0,68.0,53.0,52.4,44.6,68.0,65.4,69.4,4.8,69.4,56.4,67.8,32.6,77.4,50.0,56.0,50.8,73.0,80.6,35.0,67.2,59.8,13.0,70.6,65.2,40.6,75.4,40.0,50.2,62.0,60.8,64.8,0.0,64.2,61.2,49.6,59.0,80.8,78.4,77.2,66.4,77.2,83.8,41.0,74.6,66.0,54.8,34.2,78.4,84.8,65.6,51.2,60.2,76.6,30.6,78.2,38.6,79.0,76.4,78.4,64.8,56.2,53.0,53.8,53.6,70.6,9.4,62.0,73.4,79.2,58.4,66.4,59.2,50.4,46.2,45.6,49.6,79.2,44.8,71.6,71.2,51.2,59.4,76.8,82.0,44.2,76.6,76.4,51.2,80.8,51.4,74.0,40.8,70.4,53.8,54.8,58.8,71.6,81.4,61.4,79.8,32.8,29.4,56.6,45.0,45.8,47.2,33.8,54.0,53.4,29.4,47.0,71.6,0.0,37.8,74.6,68.2,67.6,57.2,58.4,53.8,65.2,30.6,41.2,74.2,0.0,75.4,70.8,75.8,38.2,59.0,63.4,48.8,49.4,27.8,64.2,72.4,18.2,74.2,47.6,51.6,59.2,68.8,75.2,75.0,65.4,77.0,52.0,74.0,63.2,52.8,73.8,59.4,60.0,29.6,13.8,67.8,59.6,64.8,50.4,73.2,73.4,82.8,74.8,35.2,68.0,27.0,41.0,43.0,0.0,52.4,76.0,67.0,71.2,38.4,75.6,71.8,16.6,0.0,38.0,69.6,60.0,0.0,73.2,30.0,35.4,53.4,53.8,8.8,27.6,38.0,21.4,11.2
60,2022-11-30,63.0,70.0,51.0,53.0,55.0,49.0,70.0,61.0,19.0,83.0,51.0,51.0,53.0,42.0,68.0,62.0,71.0,54.0,59.0,34.0,25.0,58.0,56.0,55.0,67.0,56.0,62.0,45.0,61.0,68.0,53.0,51.0,33.0,23.0,21.0,36.0,40.0,41.0,57.0,44.0,59.0,42.0,46.0,30.0,47.0,38.0,67.0,58.0,41.0,30.0,63.0,72.0,21.0,45.0,35.0,62.0,79.0,59.0,51.0,47.0,44.0,55.0,58.0,63.0,0.0,68.0,50.0,62.0,23.0,67.0,53.0,55.0,46.0,65.0,73.0,37.0,64.0,55.0,0.0,58.0,57.0,36.0,66.0,36.0,50.0,57.0,42.0,69.0,0.0,59.0,54.0,40.0,55.0,79.0,72.0,73.0,54.0,75.0,75.0,30.0,72.0,74.0,49.0,35.0,75.0,96.0,59.0,50.0,58.0,72.0,30.0,72.0,37.0,73.0,71.0,67.0,56.0,69.0,52.0,41.0,49.0,68.0,19.0,56.0,65.0,72.0,56.0,56.0,58.0,48.0,34.0,30.0,42.0,69.0,31.0,69.0,64.0,56.0,49.0,69.0,69.0,43.0,67.0,76.0,46.0,76.0,42.0,68.0,39.0,66.0,51.0,47.0,55.0,67.0,73.0,49.0,69.0,33.0,42.0,47.0,36.0,40.0,37.0,54.0,43.0,52.0,35.0,39.0,62.0,0.0,32.0,67.0,68.0,62.0,49.0,47.0,49.0,58.0,47.0,36.0,68.0,25.0,65.0,63.0,68.0,0.0,53.0,70.0,44.0,45.0,20.0,53.0,67.0,0.0,64.0,35.0,57.0,54.0,60.0,73.0,69.0,64.0,75.0,63.0,71.0,57.0,45.0,68.0,55.0,48.0,0.0,91.0,69.0,54.0,39.0,42.0,69.0,70.0,76.0,68.0,32.0,61.0,21.0,28.0,39.0,100.0,49.0,76.0,70.0,76.0,36.0,73.0,74.0,35.0,0.0,36.0,65.0,54.0,0.0,68.0,51.0,20.0,55.0,52.0,6.0,0.0,22.0,0.0,0.0
